x-axis,1
second,Volt
-500.0000E-03,+483.7939E-03
-499.5000E-03,+453.6432E-03
-499.0000E-03,+420.9798E-03
-498.5000E-03,+390.8291E-03
-498.0000E-03,+358.1658E-03
-497.5000E-03,+333.0401E-03
-497.0000E-03,+302.8894E-03
-496.5000E-03,+277.7638E-03
-496.0000E-03,+250.1256E-03
-495.5000E-03,+227.5125E-03
-495.0000E-03,+207.4120E-03
-494.5000E-03,+182.2864E-03
-494.0000E-03,+162.1859E-03
-493.5000E-03,+144.5979E-03
-493.0000E-03,+127.0100E-03
-492.5000E-03,+111.9346E-03
-492.0000E-03,+96.8592E-03
-491.5000E-03,+84.2964E-03
-491.0000E-03,+71.7336E-03
-490.5000E-03,+61.6834E-03
-490.0000E-03,+54.1457E-03
-489.5000E-03,+46.6080E-03
-489.0000E-03,+41.5829E-03
-488.5000E-03,+36.5577E-03
-488.0000E-03,+36.5577E-03
-487.5000E-03,+36.5577E-03
-487.0000E-03,+39.0703E-03
-486.5000E-03,+41.5829E-03
-486.0000E-03,+46.6080E-03
-485.5000E-03,+51.6331E-03
-485.0000E-03,+59.1708E-03
-484.5000E-03,+69.2210E-03
-484.0000E-03,+76.7587E-03
-483.5000E-03,+91.8341E-03
-483.0000E-03,+101.8844E-03
-482.5000E-03,+116.9597E-03
-482.0000E-03,+129.5226E-03
-481.5000E-03,+149.6231E-03
-481.0000E-03,+167.2110E-03
-480.5000E-03,+184.7989E-03
-480.0000E-03,+204.8994E-03
-479.5000E-03,+227.5125E-03
-479.0000E-03,+250.1256E-03
-478.5000E-03,+275.2512E-03
-478.0000E-03,+300.3768E-03
-477.5000E-03,+325.5024E-03
-477.0000E-03,+353.1406E-03
-476.5000E-03,+383.2914E-03
-476.0000E-03,+413.4421E-03
-475.5000E-03,+446.1055E-03
-475.0000E-03,+478.7688E-03
-474.5000E-03,+513.9447E-03
-474.0000E-03,+549.1205E-03
-473.5000E-03,+586.8090E-03
-473.0000E-03,+621.9849E-03
-472.5000E-03,+659.6733E-03
-472.0000E-03,+702.3869E-03
-471.5000E-03,+740.0753E-03
-471.0000E-03,+782.7889E-03
-470.5000E-03,+825.5024E-03
-470.0000E-03,+868.2160E-03
-469.5000E-03,+913.4421E-03
-469.0000E-03,+958.6683E-03
-468.5000E-03,+1.0064070E+00
-468.0000E-03,+1.0541457E+00
-467.5000E-03,+1.0993718E+00
-467.0000E-03,+1.1496230E+00
-466.5000E-03,+1.1998743E+00
-466.0000E-03,+1.2501256E+00
-465.5000E-03,+1.3028894E+00
-465.0000E-03,+1.3556532E+00
-464.5000E-03,+1.4084170E+00
-464.0000E-03,+1.4611808E+00
-463.5000E-03,+1.5164572E+00
-463.0000E-03,+1.5717336E+00
-462.5000E-03,+1.6270100E+00
-462.0000E-03,+1.6847989E+00
-461.5000E-03,+1.7400753E+00
-461.0000E-03,+1.8003768E+00
-460.5000E-03,+1.8581657E+00
-460.0000E-03,+1.9159547E+00
-459.5000E-03,+1.9762562E+00
-459.0000E-03,+2.0365577E+00
-458.5000E-03,+2.0968592E+00
-458.0000E-03,+2.1596733E+00
-457.5000E-03,+2.2199748E+00
-457.0000E-03,+2.2827889E+00
-456.5000E-03,+2.3430904E+00
-456.0000E-03,+2.4059044E+00
-455.5000E-03,+2.4687185E+00
-455.0000E-03,+2.5315326E+00
-454.5000E-03,+2.5968592E+00
-454.0000E-03,+2.6596733E+00
-453.5000E-03,+2.7224873E+00
-453.0000E-03,+2.7853014E+00
-452.5000E-03,+2.8506280E+00
-452.0000E-03,+2.9134421E+00
-451.5000E-03,+2.9787688E+00
-451.0000E-03,+3.0415828E+00
-450.5000E-03,+3.1043969E+00
-450.0000E-03,+3.1672110E+00
-449.5000E-03,+3.2300250E+00
-449.0000E-03,+3.2928391E+00
-448.5000E-03,+3.3556532E+00
-448.0000E-03,+3.4184672E+00
-447.5000E-03,+3.4812813E+00
-447.0000E-03,+3.5466079E+00
-446.5000E-03,+3.6094220E+00
-446.0000E-03,+3.6722361E+00
-445.5000E-03,+3.7350502E+00
-445.0000E-03,+3.7978642E+00
-444.5000E-03,+3.8581657E+00
-444.0000E-03,+3.9209798E+00
-443.5000E-03,+3.9837939E+00
-443.0000E-03,+4.0440954E+00
-442.5000E-03,+4.1018843E+00
-442.0000E-03,+4.1621858E+00
-441.5000E-03,+4.2224873E+00
-441.0000E-03,+4.2827888E+00
-440.5000E-03,+4.3405778E+00
-440.0000E-03,+4.3958542E+00
-439.5000E-03,+4.4486180E+00
-439.0000E-03,+4.5064069E+00
-438.5000E-03,+4.5616833E+00
-438.0000E-03,+4.6169597E+00
-437.5000E-03,+4.6672109E+00
-437.0000E-03,+4.7174622E+00
-436.5000E-03,+4.7702260E+00
-436.0000E-03,+4.8229898E+00
-435.5000E-03,+4.8707285E+00
-435.0000E-03,+4.9184672E+00
-434.5000E-03,+4.9662059E+00
-434.0000E-03,+5.0139446E+00
-433.5000E-03,+5.0616833E+00
-433.0000E-03,+5.1043969E+00
-432.5000E-03,+5.1496230E+00
-432.0000E-03,+5.1923366E+00
-431.5000E-03,+5.2375627E+00
-431.0000E-03,+5.2827888E+00
-430.5000E-03,+5.3229898E+00
-430.0000E-03,+5.3631908E+00
-429.5000E-03,+5.4033918E+00
-429.0000E-03,+5.4410803E+00
-428.5000E-03,+5.4863064E+00
-428.0000E-03,+5.5239949E+00
-427.5000E-03,+5.5566582E+00
-427.0000E-03,+5.5943466E+00
-426.5000E-03,+5.6270099E+00
-426.0000E-03,+5.6621858E+00
-425.5000E-03,+5.6923366E+00
-425.0000E-03,+5.7224873E+00
-424.5000E-03,+5.7476129E+00
-424.0000E-03,+5.7777637E+00
-423.5000E-03,+5.8028893E+00
-423.0000E-03,+5.8280150E+00
-422.5000E-03,+5.8506280E+00
-422.0000E-03,+5.8732411E+00
-421.5000E-03,+5.8933416E+00
-421.0000E-03,+5.9159546E+00
-420.5000E-03,+5.9335426E+00
-420.0000E-03,+5.9511305E+00
-419.5000E-03,+5.9687185E+00
-419.0000E-03,+5.9837938E+00
-418.5000E-03,+5.9938441E+00
-418.0000E-03,+6.0064069E+00
-417.5000E-03,+6.0189697E+00
-417.0000E-03,+6.0290200E+00
-416.5000E-03,+6.0390702E+00
-416.0000E-03,+6.0516330E+00
-415.5000E-03,+6.0566582E+00
-415.0000E-03,+6.0616833E+00
-414.5000E-03,+6.0667084E+00
-414.0000E-03,+6.0717335E+00
-413.5000E-03,+6.0742461E+00
-413.0000E-03,+6.0742461E+00
-412.5000E-03,+6.0742461E+00
-412.0000E-03,+6.0717335E+00
-411.5000E-03,+6.0667084E+00
-411.0000E-03,+6.0641959E+00
-410.5000E-03,+6.0566582E+00
-410.0000E-03,+6.0491205E+00
-409.5000E-03,+6.0390702E+00
-409.0000E-03,+6.0315325E+00
-408.5000E-03,+6.0189697E+00
-408.0000E-03,+6.0064069E+00
-407.5000E-03,+5.9938441E+00
-407.0000E-03,+5.9787687E+00
-406.5000E-03,+5.9611808E+00
-406.0000E-03,+5.9435928E+00
-405.5000E-03,+5.9285175E+00
-405.0000E-03,+5.9084170E+00
-404.5000E-03,+5.8883165E+00
-404.0000E-03,+5.8631908E+00
-403.5000E-03,+5.8405778E+00
-403.0000E-03,+5.8179647E+00
-402.5000E-03,+5.7903265E+00
-402.0000E-03,+5.7626883E+00
-401.5000E-03,+5.7350501E+00
-401.0000E-03,+5.7048994E+00
-400.5000E-03,+5.6747486E+00
-400.0000E-03,+5.6445979E+00
-399.5000E-03,+5.6119346E+00
-399.0000E-03,+5.5792712E+00
-398.5000E-03,+5.5440954E+00
-398.0000E-03,+5.5089195E+00
-397.5000E-03,+5.4737436E+00
-397.0000E-03,+5.4360552E+00
-396.5000E-03,+5.3958542E+00
-396.0000E-03,+5.3556531E+00
-395.5000E-03,+5.3179647E+00
-395.0000E-03,+5.2752511E+00
-394.5000E-03,+5.2350501E+00
-394.0000E-03,+5.1923366E+00
-393.5000E-03,+5.1496230E+00
-393.0000E-03,+5.1069094E+00
-392.5000E-03,+5.0591707E+00
-392.0000E-03,+5.0164572E+00
-391.5000E-03,+4.9712310E+00
-391.0000E-03,+4.9234923E+00
-390.5000E-03,+4.8757537E+00
-390.0000E-03,+4.8280150E+00
-389.5000E-03,+4.7802763E+00
-389.0000E-03,+4.7300250E+00
-388.5000E-03,+4.6772612E+00
-388.0000E-03,+4.6270099E+00
-387.5000E-03,+4.5792712E+00
-387.0000E-03,+4.5265074E+00
-386.5000E-03,+4.4737436E+00
-386.0000E-03,+4.4209798E+00
-385.5000E-03,+4.3657034E+00
-385.0000E-03,+4.3129396E+00
-384.5000E-03,+4.2576632E+00
-384.0000E-03,+4.2023868E+00
-383.5000E-03,+4.1496230E+00
-383.0000E-03,+4.0918341E+00
-382.5000E-03,+4.0340451E+00
-382.0000E-03,+3.9762562E+00
-381.5000E-03,+3.9209798E+00
-381.0000E-03,+3.8631909E+00
-380.5000E-03,+3.8054019E+00
-380.0000E-03,+3.7476130E+00
-379.5000E-03,+3.6923366E+00
-379.0000E-03,+3.6320351E+00
-378.5000E-03,+3.5742461E+00
-378.0000E-03,+3.5139446E+00
-377.5000E-03,+3.4561557E+00
-377.0000E-03,+3.3983667E+00
-376.5000E-03,+3.3405778E+00
-376.0000E-03,+3.2827888E+00
-375.5000E-03,+3.2275125E+00
-375.0000E-03,+3.1697235E+00
-374.5000E-03,+3.1119346E+00
-374.0000E-03,+3.0541456E+00
-373.5000E-03,+2.9963567E+00
-373.0000E-03,+2.9385677E+00
-372.5000E-03,+2.8782662E+00
-372.0000E-03,+2.8204773E+00
-371.5000E-03,+2.7601758E+00
-371.0000E-03,+2.7023868E+00
-370.5000E-03,+2.6445979E+00
-370.0000E-03,+2.5868090E+00
-369.5000E-03,+2.5290200E+00
-369.0000E-03,+2.4687185E+00
-368.5000E-03,+2.4109296E+00
-368.0000E-03,+2.3531406E+00
-367.5000E-03,+2.2978642E+00
-367.0000E-03,+2.2375627E+00
-366.5000E-03,+2.1797738E+00
-366.0000E-03,+2.1219848E+00
-365.5000E-03,+2.0641959E+00
-365.0000E-03,+2.0089195E+00
-364.5000E-03,+1.9536431E+00
-364.0000E-03,+1.8958542E+00
-363.5000E-03,+1.8430904E+00
-363.0000E-03,+1.7878140E+00
-362.5000E-03,+1.7325376E+00
-362.0000E-03,+1.6772612E+00
-361.5000E-03,+1.6244974E+00
-361.0000E-03,+1.5717336E+00
-360.5000E-03,+1.5189698E+00
-360.0000E-03,+1.4662060E+00
-359.5000E-03,+1.4159547E+00
-359.0000E-03,+1.3657034E+00
-358.5000E-03,+1.3154522E+00
-358.0000E-03,+1.2626884E+00
-357.5000E-03,+1.2149497E+00
-357.0000E-03,+1.1672110E+00
-356.5000E-03,+1.1194723E+00
-356.0000E-03,+1.0717336E+00
-355.5000E-03,+1.0265075E+00
-355.0000E-03,+978.7688E-03
-354.5000E-03,+936.0552E-03
-354.0000E-03,+888.3165E-03
-353.5000E-03,+845.6029E-03
-353.0000E-03,+802.8894E-03
-352.5000E-03,+760.1758E-03
-352.0000E-03,+717.4622E-03
-351.5000E-03,+679.7738E-03
-351.0000E-03,+637.0602E-03
-350.5000E-03,+601.8844E-03
-350.0000E-03,+561.6834E-03
-349.5000E-03,+526.5075E-03
-349.0000E-03,+488.8190E-03
-348.5000E-03,+453.6432E-03
-348.0000E-03,+418.4673E-03
-347.5000E-03,+388.3165E-03
-347.0000E-03,+355.6532E-03
-346.5000E-03,+325.5024E-03
-346.0000E-03,+295.3517E-03
-345.5000E-03,+270.2261E-03
-345.0000E-03,+242.5879E-03
-344.5000E-03,+217.4622E-03
-344.0000E-03,+192.3366E-03
-343.5000E-03,+172.2361E-03
-343.0000E-03,+152.1356E-03
-342.5000E-03,+134.5477E-03
-342.0000E-03,+114.4472E-03
-341.5000E-03,+99.3718E-03
-341.0000E-03,+86.8090E-03
-340.5000E-03,+76.7587E-03
-340.0000E-03,+64.1959E-03
-339.5000E-03,+56.6582E-03
-339.0000E-03,+51.6331E-03
-338.5000E-03,+46.6080E-03
-338.0000E-03,+44.0954E-03
-337.5000E-03,+44.0954E-03
-337.0000E-03,+44.0954E-03
-336.5000E-03,+46.6080E-03
-336.0000E-03,+51.6331E-03
-335.5000E-03,+56.6582E-03
-335.0000E-03,+64.1959E-03
-334.5000E-03,+71.7336E-03
-334.0000E-03,+84.2964E-03
-333.5000E-03,+94.3467E-03
-333.0000E-03,+104.3969E-03
-332.5000E-03,+116.9597E-03
-332.0000E-03,+134.5477E-03
-331.5000E-03,+152.1356E-03
-331.0000E-03,+167.2110E-03
-330.5000E-03,+187.3115E-03
-330.0000E-03,+207.4120E-03
-329.5000E-03,+227.5125E-03
-329.0000E-03,+252.6381E-03
-328.5000E-03,+275.2512E-03
-328.0000E-03,+302.8894E-03
-327.5000E-03,+328.0150E-03
-327.0000E-03,+355.6532E-03
-326.5000E-03,+385.8040E-03
-326.0000E-03,+418.4673E-03
-325.5000E-03,+448.6180E-03
-325.0000E-03,+481.2813E-03
-324.5000E-03,+513.9447E-03
-324.0000E-03,+549.1205E-03
-323.5000E-03,+584.2964E-03
-323.0000E-03,+621.9849E-03
-322.5000E-03,+659.6733E-03
-322.0000E-03,+697.3617E-03
-321.5000E-03,+740.0753E-03
-321.0000E-03,+780.2763E-03
-320.5000E-03,+822.9899E-03
-320.0000E-03,+868.2160E-03
-319.5000E-03,+908.4170E-03
-319.0000E-03,+956.1557E-03
-318.5000E-03,+1.0013818E+00
-318.0000E-03,+1.0491205E+00
-317.5000E-03,+1.0943467E+00
-317.0000E-03,+1.1445979E+00
-316.5000E-03,+1.1948492E+00
-316.0000E-03,+1.2476130E+00
-315.5000E-03,+1.2953517E+00
-315.0000E-03,+1.3481155E+00
-314.5000E-03,+1.3983668E+00
-314.0000E-03,+1.4536431E+00
-313.5000E-03,+1.5064070E+00
-313.0000E-03,+1.5641959E+00
-312.5000E-03,+1.6169597E+00
-312.0000E-03,+1.6722361E+00
-311.5000E-03,+1.7275125E+00
-311.0000E-03,+1.7878140E+00
-310.5000E-03,+1.8456029E+00
-310.0000E-03,+1.9033919E+00
-309.5000E-03,+1.9611808E+00
-309.0000E-03,+2.0214823E+00
-308.5000E-03,+2.0792713E+00
-308.0000E-03,+2.1420853E+00
-307.5000E-03,+2.2023869E+00
-307.0000E-03,+2.2626884E+00
-306.5000E-03,+2.3255024E+00
-306.0000E-03,+2.3858039E+00
-305.5000E-03,+2.4486180E+00
-305.0000E-03,+2.5114321E+00
-304.5000E-03,+2.5742461E+00
-304.0000E-03,+2.6345476E+00
-303.5000E-03,+2.6973617E+00
-303.0000E-03,+2.7626884E+00
-302.5000E-03,+2.8255024E+00
-302.0000E-03,+2.8883165E+00
-301.5000E-03,+2.9511306E+00
-301.0000E-03,+3.0139446E+00
-300.5000E-03,+3.0767587E+00
-300.0000E-03,+3.1395728E+00
-299.5000E-03,+3.2048994E+00
-299.0000E-03,+3.2626883E+00
-298.5000E-03,+3.3255024E+00
-298.0000E-03,+3.3883165E+00
-297.5000E-03,+3.4511306E+00
-297.0000E-03,+3.5139446E+00
-296.5000E-03,+3.5767587E+00
-296.0000E-03,+3.6370602E+00
-295.5000E-03,+3.6973617E+00
-295.0000E-03,+3.7601758E+00
-294.5000E-03,+3.8204773E+00
-294.0000E-03,+3.8807788E+00
-293.5000E-03,+3.9410803E+00
-293.0000E-03,+3.9988692E+00
-292.5000E-03,+4.0591707E+00
-292.0000E-03,+4.1194723E+00
-291.5000E-03,+4.1772612E+00
-291.0000E-03,+4.2325376E+00
-290.5000E-03,+4.2853014E+00
-290.0000E-03,+4.3430903E+00
-289.5000E-03,+4.3983667E+00
-289.0000E-03,+4.4536431E+00
-288.5000E-03,+4.5038944E+00
-288.0000E-03,+4.5541456E+00
-287.5000E-03,+4.6069094E+00
-287.0000E-03,+4.6596733E+00
-286.5000E-03,+4.7074119E+00
-286.0000E-03,+4.7551506E+00
-285.5000E-03,+4.8028893E+00
-285.0000E-03,+4.8531406E+00
-284.5000E-03,+4.8983667E+00
-284.0000E-03,+4.9435929E+00
-283.5000E-03,+4.9837939E+00
-283.0000E-03,+5.0315325E+00
-282.5000E-03,+5.0767587E+00
-282.0000E-03,+5.1194722E+00
-281.5000E-03,+5.1596733E+00
-281.0000E-03,+5.1973617E+00
-280.5000E-03,+5.2425878E+00
-280.0000E-03,+5.2827888E+00
-279.5000E-03,+5.3204773E+00
-279.0000E-03,+5.3556531E+00
-278.5000E-03,+5.3908290E+00
-278.0000E-03,+5.4335426E+00
-277.5000E-03,+5.4662059E+00
-277.0000E-03,+5.4988692E+00
-276.5000E-03,+5.5290200E+00
-276.0000E-03,+5.5641959E+00
-275.5000E-03,+5.5968592E+00
-275.0000E-03,+5.6244974E+00
-274.5000E-03,+5.6521356E+00
-274.0000E-03,+5.6772612E+00
-273.5000E-03,+5.7023868E+00
-273.0000E-03,+5.7300250E+00
-272.5000E-03,+5.7501255E+00
-272.0000E-03,+5.7702260E+00
-271.5000E-03,+5.7903265E+00
-271.0000E-03,+5.8104270E+00
-270.5000E-03,+5.8280150E+00
-270.0000E-03,+5.8430903E+00
-269.5000E-03,+5.8556531E+00
-269.0000E-03,+5.8707285E+00
-268.5000E-03,+5.8832913E+00
-268.0000E-03,+5.8983667E+00
-267.5000E-03,+5.9059044E+00
-267.0000E-03,+5.9134421E+00
-266.5000E-03,+5.9234923E+00
-266.0000E-03,+5.9310300E+00
-265.5000E-03,+5.9385677E+00
-265.0000E-03,+5.9435928E+00
-264.5000E-03,+5.9435928E+00
-264.0000E-03,+5.9486180E+00
-263.5000E-03,+5.9486180E+00
-263.0000E-03,+5.9486180E+00
-262.5000E-03,+5.9461054E+00
-262.0000E-03,+5.9435928E+00
-261.5000E-03,+5.9410803E+00
-261.0000E-03,+5.9360552E+00
-260.5000E-03,+5.9310300E+00
-260.0000E-03,+5.9209798E+00
-259.5000E-03,+5.9134421E+00
-259.0000E-03,+5.9008793E+00
-258.5000E-03,+5.8908290E+00
-258.0000E-03,+5.8757536E+00
-257.5000E-03,+5.8657034E+00
-257.0000E-03,+5.8506280E+00
-256.5000E-03,+5.8355526E+00
-256.0000E-03,+5.8154521E+00
-255.5000E-03,+5.7978642E+00
-255.0000E-03,+5.7777637E+00
-254.5000E-03,+5.7576632E+00
-254.0000E-03,+5.7375627E+00
-253.5000E-03,+5.7149496E+00
-253.0000E-03,+5.6873114E+00
-252.5000E-03,+5.6621858E+00
-252.0000E-03,+5.6370602E+00
-251.5000E-03,+5.6119346E+00
-251.0000E-03,+5.5817838E+00
-250.5000E-03,+5.5516330E+00
-250.0000E-03,+5.5189697E+00
-249.5000E-03,+5.4888190E+00
-249.0000E-03,+5.4561557E+00
-248.5000E-03,+5.4234923E+00
-248.0000E-03,+5.3858039E+00
-247.5000E-03,+5.3506280E+00
-247.0000E-03,+5.3104270E+00
-246.5000E-03,+5.2752511E+00
-246.0000E-03,+5.2375627E+00
-245.5000E-03,+5.1998743E+00
-245.0000E-03,+5.1596733E+00
-244.5000E-03,+5.1144471E+00
-244.0000E-03,+5.0717336E+00
-243.5000E-03,+5.0315325E+00
-243.0000E-03,+4.9863064E+00
-242.5000E-03,+4.9410803E+00
-242.0000E-03,+4.8958542E+00
-241.5000E-03,+4.8506280E+00
-241.0000E-03,+4.8028893E+00
-240.5000E-03,+4.7551506E+00
-240.0000E-03,+4.7048994E+00
-239.5000E-03,+4.6596733E+00
-239.0000E-03,+4.6094220E+00
-238.5000E-03,+4.5591707E+00
-238.0000E-03,+4.5064069E+00
-237.5000E-03,+4.4561557E+00
-237.0000E-03,+4.4033919E+00
-236.5000E-03,+4.3481155E+00
-236.0000E-03,+4.2953517E+00
-235.5000E-03,+4.2425878E+00
-235.0000E-03,+4.1898240E+00
-234.5000E-03,+4.1345476E+00
-234.0000E-03,+4.0792713E+00
-233.5000E-03,+4.0214823E+00
-233.0000E-03,+3.9662059E+00
-232.5000E-03,+3.9084170E+00
-232.0000E-03,+3.8531406E+00
-231.5000E-03,+3.7978642E+00
-231.0000E-03,+3.7400753E+00
-230.5000E-03,+3.6822863E+00
-230.0000E-03,+3.6244974E+00
-229.5000E-03,+3.5667084E+00
-229.0000E-03,+3.5089195E+00
-228.5000E-03,+3.4486180E+00
-228.0000E-03,+3.3908290E+00
-227.5000E-03,+3.3330401E+00
-227.0000E-03,+3.2752512E+00
-226.5000E-03,+3.2174622E+00
-226.0000E-03,+3.1596733E+00
-225.5000E-03,+3.1018843E+00
-225.0000E-03,+3.0440954E+00
-224.5000E-03,+2.9837939E+00
-224.0000E-03,+2.9260049E+00
-223.5000E-03,+2.8657034E+00
-223.0000E-03,+2.8079145E+00
-222.5000E-03,+2.7501255E+00
-222.0000E-03,+2.6898240E+00
-221.5000E-03,+2.6320351E+00
-221.0000E-03,+2.5742461E+00
-220.5000E-03,+2.5164572E+00
-220.0000E-03,+2.4586683E+00
-219.5000E-03,+2.4008793E+00
-219.0000E-03,+2.3430904E+00
-218.5000E-03,+2.2853014E+00
-218.0000E-03,+2.2275125E+00
-217.5000E-03,+2.1697235E+00
-217.0000E-03,+2.1119346E+00
-216.5000E-03,+2.0566582E+00
-216.0000E-03,+2.0013818E+00
-215.5000E-03,+1.9461054E+00
-215.0000E-03,+1.8908291E+00
-214.5000E-03,+1.8355527E+00
-214.0000E-03,+1.7802763E+00
-213.5000E-03,+1.7275125E+00
-213.0000E-03,+1.6747487E+00
-212.5000E-03,+1.6219848E+00
-212.0000E-03,+1.5692210E+00
-211.5000E-03,+1.5189698E+00
-211.0000E-03,+1.4662060E+00
-210.5000E-03,+1.4159547E+00
-210.0000E-03,+1.3657034E+00
-209.5000E-03,+1.3154522E+00
-209.0000E-03,+1.2652009E+00
-208.5000E-03,+1.2174622E+00
-208.0000E-03,+1.1697235E+00
-207.5000E-03,+1.1270100E+00
-207.0000E-03,+1.0792713E+00
-206.5000E-03,+1.0340452E+00
-206.0000E-03,+988.8190E-03
-205.5000E-03,+943.5929E-03
-205.0000E-03,+900.8793E-03
-204.5000E-03,+855.6532E-03
-204.0000E-03,+815.4522E-03
-203.5000E-03,+775.2512E-03
-203.0000E-03,+735.0502E-03
-202.5000E-03,+694.8492E-03
-202.0000E-03,+657.1607E-03
-201.5000E-03,+619.4723E-03
-201.0000E-03,+581.7839E-03
-200.5000E-03,+546.6080E-03
-200.0000E-03,+511.4321E-03
-199.5000E-03,+478.7688E-03
-199.0000E-03,+443.5929E-03
-198.5000E-03,+413.4421E-03
-198.0000E-03,+383.2914E-03
-197.5000E-03,+355.6532E-03
-197.0000E-03,+325.5024E-03
-196.5000E-03,+300.3768E-03
-196.0000E-03,+272.7386E-03
-195.5000E-03,+247.6130E-03
-195.0000E-03,+224.9999E-03
-194.5000E-03,+199.8743E-03
-194.0000E-03,+179.7738E-03
-193.5000E-03,+159.6733E-03
-193.0000E-03,+142.0854E-03
-192.5000E-03,+127.0100E-03
-192.0000E-03,+111.9346E-03
-191.5000E-03,+96.8592E-03
-191.0000E-03,+86.8090E-03
-190.5000E-03,+76.7587E-03
-190.0000E-03,+66.7085E-03
-189.5000E-03,+56.6582E-03
-189.0000E-03,+51.6331E-03
-188.5000E-03,+46.6080E-03
-188.0000E-03,+41.5829E-03
-187.5000E-03,+41.5829E-03
-187.0000E-03,+41.5829E-03
-186.5000E-03,+44.0954E-03
-186.0000E-03,+49.1205E-03
-185.5000E-03,+51.6331E-03
-185.0000E-03,+59.1708E-03
-184.5000E-03,+66.7085E-03
-184.0000E-03,+76.7587E-03
-183.5000E-03,+86.8090E-03
-183.0000E-03,+96.8592E-03
-182.5000E-03,+109.4220E-03
-182.0000E-03,+127.0100E-03
-181.5000E-03,+142.0854E-03
-181.0000E-03,+159.6733E-03
-180.5000E-03,+177.2612E-03
-180.0000E-03,+197.3617E-03
-179.5000E-03,+217.4622E-03
-179.0000E-03,+237.5628E-03
-178.5000E-03,+262.6884E-03
-178.0000E-03,+287.8140E-03
-177.5000E-03,+312.9396E-03
-177.0000E-03,+340.5778E-03
-176.5000E-03,+368.2160E-03
-176.0000E-03,+398.3668E-03
-175.5000E-03,+428.5175E-03
-175.0000E-03,+461.1808E-03
-174.5000E-03,+493.8442E-03
-174.0000E-03,+529.0200E-03
-173.5000E-03,+564.1959E-03
-173.0000E-03,+601.8844E-03
-172.5000E-03,+639.5728E-03
-172.0000E-03,+679.7738E-03
-171.5000E-03,+717.4622E-03
-171.0000E-03,+760.1758E-03
-170.5000E-03,+800.3768E-03
-170.0000E-03,+843.0904E-03
-169.5000E-03,+888.3165E-03
-169.0000E-03,+931.0301E-03
-168.5000E-03,+978.7688E-03
-168.0000E-03,+1.0265075E+00
-167.5000E-03,+1.0717336E+00
-167.0000E-03,+1.1219849E+00
-166.5000E-03,+1.1722361E+00
-166.0000E-03,+1.2224874E+00
-165.5000E-03,+1.2727386E+00
-165.0000E-03,+1.3255024E+00
-164.5000E-03,+1.3807788E+00
-164.0000E-03,+1.4335426E+00
-163.5000E-03,+1.4863065E+00
-163.0000E-03,+1.5390703E+00
-162.5000E-03,+1.5968592E+00
-162.0000E-03,+1.6546482E+00
-161.5000E-03,+1.7124371E+00
-161.0000E-03,+1.7702261E+00
-160.5000E-03,+1.8255024E+00
-160.0000E-03,+1.8858039E+00
-159.5000E-03,+1.9435929E+00
-159.0000E-03,+2.0064070E+00
-158.5000E-03,+2.0667085E+00
-158.0000E-03,+2.1295225E+00
-157.5000E-03,+2.1898240E+00
-157.0000E-03,+2.2501255E+00
-156.5000E-03,+2.3104271E+00
-156.0000E-03,+2.3757537E+00
-155.5000E-03,+2.4385678E+00
-155.0000E-03,+2.5013818E+00
-154.5000E-03,+2.5641959E+00
-154.0000E-03,+2.6270100E+00
-153.5000E-03,+2.6923366E+00
-153.0000E-03,+2.7576632E+00
-152.5000E-03,+2.8204773E+00
-152.0000E-03,+2.8832914E+00
-151.5000E-03,+2.9461054E+00
-151.0000E-03,+3.0114321E+00
-150.5000E-03,+3.0767587E+00
-150.0000E-03,+3.1420853E+00
-149.5000E-03,+3.2048994E+00
-149.0000E-03,+3.2626883E+00
-148.5000E-03,+3.3280150E+00
-148.0000E-03,+3.3908290E+00
-147.5000E-03,+3.4561557E+00
-147.0000E-03,+3.5189698E+00
-146.5000E-03,+3.5817838E+00
-146.0000E-03,+3.6445979E+00
-145.5000E-03,+3.7074120E+00
-145.0000E-03,+3.7702260E+00
-144.5000E-03,+3.8355527E+00
-144.0000E-03,+3.8933416E+00
-143.5000E-03,+3.9561557E+00
-143.0000E-03,+4.0164572E+00
-142.5000E-03,+4.0792713E+00
-142.0000E-03,+4.1370602E+00
-141.5000E-03,+4.1973617E+00
-141.0000E-03,+4.2576632E+00
-140.5000E-03,+4.3129396E+00
-140.0000E-03,+4.3707285E+00
-139.5000E-03,+4.4285175E+00
-139.0000E-03,+4.4837939E+00
-138.5000E-03,+4.5390702E+00
-138.0000E-03,+4.5893215E+00
-137.5000E-03,+4.6445979E+00
-137.0000E-03,+4.6998743E+00
-136.5000E-03,+4.7526381E+00
-136.0000E-03,+4.8003768E+00
-135.5000E-03,+4.8481155E+00
-135.0000E-03,+4.8983667E+00
-134.5000E-03,+4.9486180E+00
-134.0000E-03,+4.9988692E+00
-133.5000E-03,+5.0415828E+00
-133.0000E-03,+5.0842964E+00
-132.5000E-03,+5.1320351E+00
-132.0000E-03,+5.1822863E+00
-131.5000E-03,+5.2224873E+00
-131.0000E-03,+5.2652009E+00
-130.5000E-03,+5.3054019E+00
-130.0000E-03,+5.3506280E+00
-129.5000E-03,+5.3933416E+00
-129.0000E-03,+5.4310300E+00
-128.5000E-03,+5.4687185E+00
-128.0000E-03,+5.5064069E+00
-127.5000E-03,+5.5440954E+00
-127.0000E-03,+5.5817838E+00
-126.5000E-03,+5.6144471E+00
-126.0000E-03,+5.6496230E+00
-125.5000E-03,+5.6797737E+00
-125.0000E-03,+5.7124371E+00
-124.5000E-03,+5.7400753E+00
-124.0000E-03,+5.7677134E+00
-123.5000E-03,+5.7928391E+00
-123.0000E-03,+5.8179647E+00
-122.5000E-03,+5.8430903E+00
-122.0000E-03,+5.8657034E+00
-121.5000E-03,+5.8858039E+00
-121.0000E-03,+5.9059044E+00
-120.5000E-03,+5.9260049E+00
-120.0000E-03,+5.9461054E+00
-119.5000E-03,+5.9611808E+00
-119.0000E-03,+5.9762562E+00
-118.5000E-03,+5.9913315E+00
-118.0000E-03,+6.0064069E+00
-117.5000E-03,+6.0189697E+00
-117.0000E-03,+6.0290200E+00
-116.5000E-03,+6.0365577E+00
-116.0000E-03,+6.0491205E+00
-115.5000E-03,+6.0566582E+00
-115.0000E-03,+6.0616833E+00
-114.5000E-03,+6.0667084E+00
-114.0000E-03,+6.0717335E+00
-113.5000E-03,+6.0717335E+00
-113.0000E-03,+6.0742461E+00
-112.5000E-03,+6.0742461E+00
-112.0000E-03,+6.0692210E+00
-111.5000E-03,+6.0667084E+00
-111.0000E-03,+6.0641959E+00
-110.5000E-03,+6.0566582E+00
-110.0000E-03,+6.0516330E+00
-109.5000E-03,+6.0415828E+00
-109.0000E-03,+6.0315325E+00
-108.5000E-03,+6.0214823E+00
-108.0000E-03,+6.0089195E+00
-107.5000E-03,+5.9938441E+00
-107.0000E-03,+5.9787687E+00
-106.5000E-03,+5.9662059E+00
-106.0000E-03,+5.9461054E+00
-105.5000E-03,+5.9310300E+00
-105.0000E-03,+5.9109295E+00
-104.5000E-03,+5.8883165E+00
-104.0000E-03,+5.8657034E+00
-103.5000E-03,+5.8456029E+00
-103.0000E-03,+5.8204773E+00
-102.5000E-03,+5.7928391E+00
-102.0000E-03,+5.7652009E+00
-101.5000E-03,+5.7375627E+00
-101.0000E-03,+5.7074119E+00
-100.5000E-03,+5.6822863E+00
-100.0000E-03,+5.6471104E+00
-99.5000E-03,+5.6169597E+00
-99.0000E-03,+5.5817838E+00
-98.5000E-03,+5.5466079E+00
-98.0000E-03,+5.5114320E+00
-97.5000E-03,+5.4762562E+00
-97.0000E-03,+5.4385677E+00
-96.5000E-03,+5.4008793E+00
-96.0000E-03,+5.3581657E+00
-95.5000E-03,+5.3204773E+00
-95.0000E-03,+5.2777637E+00
-94.5000E-03,+5.2400753E+00
-94.0000E-03,+5.1948491E+00
-93.5000E-03,+5.1546481E+00
-93.0000E-03,+5.1094220E+00
-92.5000E-03,+5.0641959E+00
-92.0000E-03,+5.0189697E+00
-91.5000E-03,+4.9762562E+00
-91.0000E-03,+4.9285175E+00
-90.5000E-03,+4.8807788E+00
-90.0000E-03,+4.8305275E+00
-89.5000E-03,+4.7827888E+00
-89.0000E-03,+4.7325376E+00
-88.5000E-03,+4.6822863E+00
-88.0000E-03,+4.6295225E+00
-87.5000E-03,+4.5817838E+00
-87.0000E-03,+4.5290200E+00
-86.5000E-03,+4.4762562E+00
-86.0000E-03,+4.4209798E+00
-85.5000E-03,+4.3682160E+00
-85.0000E-03,+4.3129396E+00
-84.5000E-03,+4.2576632E+00
-84.0000E-03,+4.2023868E+00
-83.5000E-03,+4.1496230E+00
-83.0000E-03,+4.0918341E+00
-82.5000E-03,+4.0340451E+00
-82.0000E-03,+3.9762562E+00
-81.5000E-03,+3.9209798E+00
-81.0000E-03,+3.8631909E+00
-80.5000E-03,+3.8054019E+00
-80.0000E-03,+3.7451004E+00
-79.5000E-03,+3.6873115E+00
-79.0000E-03,+3.6270100E+00
-78.5000E-03,+3.5692210E+00
-78.0000E-03,+3.5114321E+00
-77.5000E-03,+3.4536431E+00
-77.0000E-03,+3.3958542E+00
-76.5000E-03,+3.3355527E+00
-76.0000E-03,+3.2777637E+00
-75.5000E-03,+3.2224873E+00
-75.0000E-03,+3.1646984E+00
-74.5000E-03,+3.1069095E+00
-74.0000E-03,+3.0491205E+00
-73.5000E-03,+2.9913316E+00
-73.0000E-03,+2.9310301E+00
-72.5000E-03,+2.8732411E+00
-72.0000E-03,+2.8154522E+00
-71.5000E-03,+2.7576632E+00
-71.0000E-03,+2.6973617E+00
-70.5000E-03,+2.6395728E+00
-70.0000E-03,+2.5792713E+00
-69.5000E-03,+2.5214823E+00
-69.0000E-03,+2.4636934E+00
-68.5000E-03,+2.4059044E+00
-68.0000E-03,+2.3456029E+00
-67.5000E-03,+2.2878140E+00
-67.0000E-03,+2.2325376E+00
-66.5000E-03,+2.1722361E+00
-66.0000E-03,+2.1144472E+00
-65.5000E-03,+2.0591708E+00
-65.0000E-03,+2.0013818E+00
-64.5000E-03,+1.9435929E+00
-64.0000E-03,+1.8883165E+00
-63.5000E-03,+1.8330401E+00
-63.0000E-03,+1.7777637E+00
-62.5000E-03,+1.7249999E+00
-62.0000E-03,+1.6697235E+00
-61.5000E-03,+1.6169597E+00
-61.0000E-03,+1.5641959E+00
-60.5000E-03,+1.5114321E+00
-60.0000E-03,+1.4586683E+00
-59.5000E-03,+1.4109296E+00
-59.0000E-03,+1.3581658E+00
-58.5000E-03,+1.3079145E+00
-58.0000E-03,+1.2576632E+00
-57.5000E-03,+1.2099245E+00
-57.0000E-03,+1.1596733E+00
-56.5000E-03,+1.1119346E+00
-56.0000E-03,+1.0641959E+00
-55.5000E-03,+1.0189698E+00
-55.0000E-03,+973.7436E-03
-54.5000E-03,+928.5175E-03
-54.0000E-03,+883.2914E-03
-53.5000E-03,+840.5778E-03
-53.0000E-03,+797.8643E-03
-52.5000E-03,+755.1507E-03
-52.0000E-03,+712.4371E-03
-51.5000E-03,+674.7487E-03
-51.0000E-03,+632.0351E-03
-50.5000E-03,+594.3467E-03
-50.0000E-03,+556.6582E-03
-49.5000E-03,+518.9698E-03
-49.0000E-03,+483.7939E-03
-48.5000E-03,+446.1055E-03
-48.0000E-03,+410.9296E-03
-47.5000E-03,+380.7788E-03
-47.0000E-03,+345.6030E-03
-46.5000E-03,+315.4522E-03
-46.0000E-03,+285.3014E-03
-45.5000E-03,+257.6633E-03
-45.0000E-03,+230.0251E-03
-44.5000E-03,+207.4120E-03
-44.0000E-03,+182.2864E-03
-43.5000E-03,+162.1859E-03
-43.0000E-03,+139.5728E-03
-42.5000E-03,+121.9849E-03
-42.0000E-03,+101.8844E-03
-41.5000E-03,+84.2964E-03
-41.0000E-03,+69.2210E-03
-40.5000E-03,+56.6582E-03
-40.0000E-03,+44.0954E-03
-39.5000E-03,+36.5577E-03
-39.0000E-03,+31.5326E-03
-38.5000E-03,+26.5075E-03
-38.0000E-03,+26.5075E-03
-37.5000E-03,+26.5075E-03
-37.0000E-03,+26.5075E-03
-36.5000E-03,+29.0200E-03
-36.0000E-03,+36.5577E-03
-35.5000E-03,+41.5829E-03
-35.0000E-03,+49.1205E-03
-34.5000E-03,+56.6582E-03
-34.0000E-03,+69.2210E-03
-33.5000E-03,+79.2713E-03
-33.0000E-03,+91.8341E-03
-32.5000E-03,+106.9095E-03
-32.0000E-03,+121.9849E-03
-31.5000E-03,+137.0602E-03
-31.0000E-03,+154.6482E-03
-30.5000E-03,+172.2361E-03
-30.0000E-03,+194.8492E-03
-29.5000E-03,+214.9497E-03
-29.0000E-03,+237.5628E-03
-28.5000E-03,+262.6884E-03
-28.0000E-03,+290.3266E-03
-27.5000E-03,+315.4522E-03
-27.0000E-03,+345.6030E-03
-26.5000E-03,+373.2411E-03
-26.0000E-03,+403.3919E-03
-25.5000E-03,+436.0552E-03
-25.0000E-03,+471.2311E-03
-24.5000E-03,+503.8944E-03
-24.0000E-03,+541.5828E-03
-23.5000E-03,+576.7587E-03
-23.0000E-03,+611.9346E-03
-22.5000E-03,+649.6230E-03
-22.0000E-03,+689.8241E-03
-21.5000E-03,+730.0251E-03
-21.0000E-03,+767.7135E-03
-20.5000E-03,+812.9396E-03
-20.0000E-03,+855.6532E-03
-19.5000E-03,+900.8793E-03
-19.0000E-03,+946.1055E-03
-18.5000E-03,+993.8441E-03
-18.0000E-03,+1.0415828E+00
-17.5000E-03,+1.0893215E+00
-17.0000E-03,+1.1395728E+00
-16.5000E-03,+1.1873115E+00
-16.0000E-03,+1.2375627E+00
-15.5000E-03,+1.2853014E+00
-15.0000E-03,+1.3380653E+00
-14.5000E-03,+1.3933416E+00
-14.0000E-03,+1.4461055E+00
-13.5000E-03,+1.5013818E+00
-13.0000E-03,+1.5541457E+00
-12.5000E-03,+1.6094220E+00
-12.0000E-03,+1.6672110E+00
-11.5000E-03,+1.7224874E+00
-11.0000E-03,+1.7802763E+00
-10.5000E-03,+1.8380652E+00
-10.0000E-03,+1.8983668E+00
-9.5000E-03,+1.9586683E+00
-9.0000E-03,+2.0189698E+00
-8.5000E-03,+2.0767587E+00
-8.0000E-03,+2.1370602E+00
-7.5000E-03,+2.1973617E+00
-7.0000E-03,+2.2576632E+00
-6.5000E-03,+2.3204773E+00
-6.0000E-03,+2.3832914E+00
-5.5000E-03,+2.4461054E+00
-5.0000E-03,+2.5114321E+00
-4.5000E-03,+2.5717336E+00
-4.0000E-03,+2.6370602E+00
-3.5000E-03,+2.6948492E+00
-3.0000E-03,+2.7576632E+00
-2.5000E-03,+2.8229899E+00
-2.0000E-03,+2.8883165E+00
-1.5000E-03,+2.9561557E+00
-1.0000E-03,+3.0189698E+00
-500.0E-06,+3.0767587E+00
+0.0E+00,+3.1370602E+00
+500.0E-06,+3.1998743E+00
+1.0000E-03,+3.2652009E+00
+1.5000E-03,+3.3255024E+00
+2.0000E-03,+3.3858039E+00
+2.5000E-03,+3.4486180E+00
+3.0000E-03,+3.5114321E+00
+3.5000E-03,+3.5792713E+00
+4.0000E-03,+3.6445979E+00
+4.5000E-03,+3.6998743E+00
+5.0000E-03,+3.7601758E+00
+5.5000E-03,+3.8229898E+00
+6.0000E-03,+3.8883165E+00
+6.5000E-03,+3.9536431E+00
+7.0000E-03,+4.0064069E+00
+7.5000E-03,+4.0616833E+00
+8.0000E-03,+4.1219848E+00
+8.5000E-03,+4.1873115E+00
+9.0000E-03,+4.2451004E+00
+9.5000E-03,+4.2953517E+00
+10.0000E-03,+4.3506280E+00
+10.5000E-03,+4.4084170E+00
+11.0000E-03,+4.4636934E+00
+11.5000E-03,+4.5189697E+00
+12.0000E-03,+4.5692210E+00
+12.5000E-03,+4.6169597E+00
+13.0000E-03,+4.6697235E+00
+13.5000E-03,+4.7199748E+00
+14.0000E-03,+4.7652009E+00
+14.5000E-03,+4.8079145E+00
+15.0000E-03,+4.8581657E+00
+15.5000E-03,+4.9059044E+00
+16.0000E-03,+4.9486180E+00
+16.5000E-03,+4.9888190E+00
+17.0000E-03,+5.0340451E+00
+17.5000E-03,+5.0792712E+00
+18.0000E-03,+5.1219848E+00
+18.5000E-03,+5.1621858E+00
+19.0000E-03,+5.1998743E+00
+19.5000E-03,+5.2425878E+00
+20.0000E-03,+5.2853014E+00
+20.5000E-03,+5.3255024E+00
+21.0000E-03,+5.3631908E+00
+21.5000E-03,+5.3983667E+00
+22.0000E-03,+5.4385677E+00
+22.5000E-03,+5.4787687E+00
+23.0000E-03,+5.5114320E+00
+23.5000E-03,+5.5440954E+00
+24.0000E-03,+5.5767587E+00
+24.5000E-03,+5.6069094E+00
+25.0000E-03,+5.6370602E+00
+25.5000E-03,+5.6646984E+00
+26.0000E-03,+5.6898240E+00
+26.5000E-03,+5.7124371E+00
+27.0000E-03,+5.7400753E+00
+27.5000E-03,+5.7626883E+00
+28.0000E-03,+5.7853014E+00
+28.5000E-03,+5.8028893E+00
+29.0000E-03,+5.8204773E+00
+29.5000E-03,+5.8355526E+00
+30.0000E-03,+5.8556531E+00
+30.5000E-03,+5.8682160E+00
+31.0000E-03,+5.8807788E+00
+31.5000E-03,+5.8933416E+00
+32.0000E-03,+5.9059044E+00
+32.5000E-03,+5.9184672E+00
+33.0000E-03,+5.9285175E+00
+33.5000E-03,+5.9360552E+00
+34.0000E-03,+5.9435928E+00
+34.5000E-03,+5.9486180E+00
+35.0000E-03,+5.9561557E+00
+35.5000E-03,+5.9611808E+00
+36.0000E-03,+5.9636933E+00
+36.5000E-03,+5.9636933E+00
+37.0000E-03,+5.9636933E+00
+37.5000E-03,+5.9636933E+00
+38.0000E-03,+5.9636933E+00
+38.5000E-03,+5.9586682E+00
+39.0000E-03,+5.9536431E+00
+39.5000E-03,+5.9461054E+00
+40.0000E-03,+5.9385677E+00
+40.5000E-03,+5.9310300E+00
+41.0000E-03,+5.9234923E+00
+41.5000E-03,+5.9109295E+00
+42.0000E-03,+5.8983667E+00
+42.5000E-03,+5.8858039E+00
+43.0000E-03,+5.8732411E+00
+43.5000E-03,+5.8581657E+00
+44.0000E-03,+5.8380652E+00
+44.5000E-03,+5.8179647E+00
+45.0000E-03,+5.8003768E+00
+45.5000E-03,+5.7827888E+00
+46.0000E-03,+5.7626883E+00
+46.5000E-03,+5.7400753E+00
+47.0000E-03,+5.7124371E+00
+47.5000E-03,+5.6873114E+00
+48.0000E-03,+5.6621858E+00
+48.5000E-03,+5.6370602E+00
+49.0000E-03,+5.6094220E+00
+49.5000E-03,+5.5792712E+00
+50.0000E-03,+5.5440954E+00
+50.5000E-03,+5.5139446E+00
+51.0000E-03,+5.4812813E+00
+51.5000E-03,+5.4511305E+00
+52.0000E-03,+5.4134421E+00
+52.5000E-03,+5.3807788E+00
+53.0000E-03,+5.3405778E+00
+53.5000E-03,+5.3028893E+00
+54.0000E-03,+5.2652009E+00
+54.5000E-03,+5.2249999E+00
+55.0000E-03,+5.1873114E+00
+55.5000E-03,+5.1445979E+00
+56.0000E-03,+5.1018843E+00
+56.5000E-03,+5.0591707E+00
+57.0000E-03,+5.0139446E+00
+57.5000E-03,+4.9712310E+00
+58.0000E-03,+4.9260049E+00
+58.5000E-03,+4.8807788E+00
+59.0000E-03,+4.8355527E+00
+59.5000E-03,+4.7878140E+00
+60.0000E-03,+4.7375627E+00
+60.5000E-03,+4.6898240E+00
+61.0000E-03,+4.6420853E+00
+61.5000E-03,+4.5918341E+00
+62.0000E-03,+4.5415828E+00
+62.5000E-03,+4.4913315E+00
+63.0000E-03,+4.4385677E+00
+63.5000E-03,+4.3858039E+00
+64.0000E-03,+4.3330401E+00
+64.5000E-03,+4.2802763E+00
+65.0000E-03,+4.2275125E+00
+65.5000E-03,+4.1722361E+00
+66.0000E-03,+4.1169597E+00
+66.5000E-03,+4.0616833E+00
+67.0000E-03,+4.0064069E+00
+67.5000E-03,+3.9486180E+00
+68.0000E-03,+3.8933416E+00
+68.5000E-03,+3.8380652E+00
+69.0000E-03,+3.7802763E+00
+69.5000E-03,+3.7224873E+00
+70.0000E-03,+3.6646984E+00
+70.5000E-03,+3.6069094E+00
+71.0000E-03,+3.5491205E+00
+71.5000E-03,+3.4888190E+00
+72.0000E-03,+3.4310301E+00
+72.5000E-03,+3.3732411E+00
+73.0000E-03,+3.3154522E+00
+73.5000E-03,+3.2576632E+00
+74.0000E-03,+3.2023868E+00
+74.5000E-03,+3.1420853E+00
+75.0000E-03,+3.0842964E+00
+75.5000E-03,+3.0265074E+00
+76.0000E-03,+2.9687185E+00
+76.5000E-03,+2.9109296E+00
+77.0000E-03,+2.8531406E+00
+77.5000E-03,+2.7928391E+00
+78.0000E-03,+2.7350502E+00
+78.5000E-03,+2.6772612E+00
+79.0000E-03,+2.6169597E+00
+79.5000E-03,+2.5591708E+00
+80.0000E-03,+2.5013818E+00
+80.5000E-03,+2.4435929E+00
+81.0000E-03,+2.3858039E+00
+81.5000E-03,+2.3255024E+00
+82.0000E-03,+2.2677135E+00
+82.5000E-03,+2.2124371E+00
+83.0000E-03,+2.1521356E+00
+83.5000E-03,+2.0943467E+00
+84.0000E-03,+2.0390703E+00
+84.5000E-03,+1.9863065E+00
+85.0000E-03,+1.9285175E+00
+85.5000E-03,+1.8732411E+00
+86.0000E-03,+1.8179647E+00
+86.5000E-03,+1.7626884E+00
+87.0000E-03,+1.7074120E+00
+87.5000E-03,+1.6546482E+00
+88.0000E-03,+1.5993718E+00
+88.5000E-03,+1.5516331E+00
+89.0000E-03,+1.4988693E+00
+89.5000E-03,+1.4461055E+00
+90.0000E-03,+1.3958542E+00
+90.5000E-03,+1.3456029E+00
+91.0000E-03,+1.2953517E+00
+91.5000E-03,+1.2476130E+00
+92.0000E-03,+1.1973617E+00
+92.5000E-03,+1.1521356E+00
+93.0000E-03,+1.1043969E+00
+93.5000E-03,+1.0566582E+00
+94.0000E-03,+1.0114321E+00
+94.5000E-03,+968.7185E-03
+95.0000E-03,+923.4924E-03
+95.5000E-03,+878.2663E-03
+96.0000E-03,+835.5527E-03
+96.5000E-03,+795.3517E-03
+97.0000E-03,+752.6381E-03
+97.5000E-03,+714.9497E-03
+98.0000E-03,+674.7487E-03
+98.5000E-03,+637.0602E-03
+99.0000E-03,+599.3718E-03
+99.5000E-03,+564.1959E-03
+100.0000E-03,+526.5075E-03
+100.5000E-03,+493.8442E-03
+101.0000E-03,+458.6683E-03
+101.5000E-03,+428.5175E-03
+102.0000E-03,+393.3416E-03
+102.5000E-03,+365.7035E-03
+103.0000E-03,+333.0401E-03
+103.5000E-03,+307.9145E-03
+104.0000E-03,+277.7638E-03
+104.5000E-03,+252.6381E-03
+105.0000E-03,+230.0251E-03
+105.5000E-03,+207.4120E-03
+106.0000E-03,+184.7989E-03
+106.5000E-03,+164.6984E-03
+107.0000E-03,+144.5979E-03
+107.5000E-03,+129.5226E-03
+108.0000E-03,+109.4220E-03
+108.5000E-03,+94.3467E-03
+109.0000E-03,+81.7839E-03
+109.5000E-03,+71.7336E-03
+110.0000E-03,+59.1708E-03
+110.5000E-03,+51.6331E-03
+111.0000E-03,+44.0954E-03
+111.5000E-03,+39.0703E-03
+112.0000E-03,+34.0452E-03
+112.5000E-03,+31.5326E-03
+113.0000E-03,+31.5326E-03
+113.5000E-03,+31.5326E-03
+114.0000E-03,+36.5577E-03
+114.5000E-03,+39.0703E-03
+115.0000E-03,+44.0954E-03
+115.5000E-03,+51.6331E-03
+116.0000E-03,+61.6834E-03
+116.5000E-03,+71.7336E-03
+117.0000E-03,+81.7839E-03
+117.5000E-03,+91.8341E-03
+118.0000E-03,+106.9095E-03
+118.5000E-03,+121.9849E-03
+119.0000E-03,+137.0602E-03
+119.5000E-03,+152.1356E-03
+120.0000E-03,+172.2361E-03
+120.5000E-03,+192.3366E-03
+121.0000E-03,+212.4371E-03
+121.5000E-03,+237.5628E-03
+122.0000E-03,+260.1758E-03
+122.5000E-03,+282.7889E-03
+123.0000E-03,+310.4271E-03
+123.5000E-03,+338.0653E-03
+124.0000E-03,+368.2160E-03
+124.5000E-03,+398.3668E-03
+125.0000E-03,+431.0301E-03
+125.5000E-03,+461.1808E-03
+126.0000E-03,+496.3567E-03
+126.5000E-03,+531.5326E-03
+127.0000E-03,+566.7085E-03
+127.5000E-03,+601.8844E-03
+128.0000E-03,+639.5728E-03
+128.5000E-03,+677.2612E-03
+129.0000E-03,+719.9748E-03
+129.5000E-03,+760.1758E-03
+130.0000E-03,+802.8894E-03
+130.5000E-03,+845.6029E-03
+131.0000E-03,+890.8291E-03
+131.5000E-03,+936.0552E-03
+132.0000E-03,+981.2813E-03
+132.5000E-03,+1.0265075E+00
+133.0000E-03,+1.0767587E+00
+133.5000E-03,+1.1244974E+00
+134.0000E-03,+1.1772612E+00
+134.5000E-03,+1.2249999E+00
+135.0000E-03,+1.2777637E+00
+135.5000E-03,+1.3305276E+00
+136.0000E-03,+1.3832914E+00
+136.5000E-03,+1.4335426E+00
+137.0000E-03,+1.4888190E+00
+137.5000E-03,+1.5440954E+00
+138.0000E-03,+1.5993718E+00
+138.5000E-03,+1.6571607E+00
+139.0000E-03,+1.7149497E+00
+139.5000E-03,+1.7727386E+00
+140.0000E-03,+1.8305276E+00
+140.5000E-03,+1.8883165E+00
+141.0000E-03,+1.9486180E+00
+141.5000E-03,+2.0089195E+00
+142.0000E-03,+2.0692210E+00
+142.5000E-03,+2.1295225E+00
+143.0000E-03,+2.1898240E+00
+143.5000E-03,+2.2526381E+00
+144.0000E-03,+2.3154522E+00
+144.5000E-03,+2.3782662E+00
+145.0000E-03,+2.4410803E+00
+145.5000E-03,+2.5013818E+00
+146.0000E-03,+2.5641959E+00
+146.5000E-03,+2.6295225E+00
+147.0000E-03,+2.6948492E+00
+147.5000E-03,+2.7601758E+00
+148.0000E-03,+2.8204773E+00
+148.5000E-03,+2.8832914E+00
+149.0000E-03,+2.9461054E+00
+149.5000E-03,+3.0114321E+00
+150.0000E-03,+3.0767587E+00
+150.5000E-03,+3.1395728E+00
+151.0000E-03,+3.1998743E+00
+151.5000E-03,+3.2601758E+00
+152.0000E-03,+3.3280150E+00
+152.5000E-03,+3.3933416E+00
+153.0000E-03,+3.4561557E+00
+153.5000E-03,+3.5164572E+00
+154.0000E-03,+3.5767587E+00
+154.5000E-03,+3.6420853E+00
+155.0000E-03,+3.7074120E+00
+155.5000E-03,+3.7702260E+00
+156.0000E-03,+3.8305275E+00
+156.5000E-03,+3.8908290E+00
+157.0000E-03,+3.9536431E+00
+157.5000E-03,+4.0139446E+00
+158.0000E-03,+4.0742461E+00
+158.5000E-03,+4.1320351E+00
+159.0000E-03,+4.1898240E+00
+159.5000E-03,+4.2501255E+00
+160.0000E-03,+4.3104270E+00
+160.5000E-03,+4.3657034E+00
+161.0000E-03,+4.4209798E+00
+161.5000E-03,+4.4762562E+00
+162.0000E-03,+4.5315326E+00
+162.5000E-03,+4.5893215E+00
+163.0000E-03,+4.6395728E+00
+163.5000E-03,+4.6898240E+00
+164.0000E-03,+4.7400753E+00
+164.5000E-03,+4.7903265E+00
+165.0000E-03,+4.8430903E+00
+165.5000E-03,+4.8933416E+00
+166.0000E-03,+4.9435929E+00
+166.5000E-03,+4.9863064E+00
+167.0000E-03,+5.0315325E+00
+167.5000E-03,+5.0817838E+00
+168.0000E-03,+5.1295225E+00
+168.5000E-03,+5.1722361E+00
+169.0000E-03,+5.2149496E+00
+169.5000E-03,+5.2551506E+00
+170.0000E-03,+5.3028893E+00
+170.5000E-03,+5.3456029E+00
+171.0000E-03,+5.3858039E+00
+171.5000E-03,+5.4209798E+00
+172.0000E-03,+5.4611808E+00
+172.5000E-03,+5.4988692E+00
+173.0000E-03,+5.5415828E+00
+173.5000E-03,+5.5742461E+00
+174.0000E-03,+5.6069094E+00
+174.5000E-03,+5.6370602E+00
+175.0000E-03,+5.6722361E+00
+175.5000E-03,+5.7023868E+00
+176.0000E-03,+5.7325376E+00
+176.5000E-03,+5.7576632E+00
+177.0000E-03,+5.7827888E+00
+177.5000E-03,+5.8104270E+00
+178.0000E-03,+5.8355526E+00
+178.5000E-03,+5.8556531E+00
+179.0000E-03,+5.8757536E+00
+179.5000E-03,+5.8958541E+00
+180.0000E-03,+5.9184672E+00
+180.5000E-03,+5.9385677E+00
+181.0000E-03,+5.9536431E+00
+181.5000E-03,+5.9636933E+00
+182.0000E-03,+5.9812813E+00
+182.5000E-03,+5.9963567E+00
+183.0000E-03,+6.0089195E+00
+183.5000E-03,+6.0189697E+00
+184.0000E-03,+6.0290200E+00
+184.5000E-03,+6.0365577E+00
+185.0000E-03,+6.0466079E+00
+185.5000E-03,+6.0541456E+00
+186.0000E-03,+6.0566582E+00
+186.5000E-03,+6.0591707E+00
+187.0000E-03,+6.0616833E+00
+187.5000E-03,+6.0641959E+00
+188.0000E-03,+6.0641959E+00
+188.5000E-03,+6.0616833E+00
+189.0000E-03,+6.0591707E+00
+189.5000E-03,+6.0541456E+00
+190.0000E-03,+6.0491205E+00
+190.5000E-03,+6.0415828E+00
+191.0000E-03,+6.0315325E+00
+191.5000E-03,+6.0214823E+00
+192.0000E-03,+6.0114320E+00
+192.5000E-03,+6.0013818E+00
+193.0000E-03,+5.9888190E+00
+193.5000E-03,+5.9712310E+00
+194.0000E-03,+5.9536431E+00
+194.5000E-03,+5.9385677E+00
+195.0000E-03,+5.9234923E+00
+195.5000E-03,+5.9033918E+00
+196.0000E-03,+5.8807788E+00
+196.5000E-03,+5.8581657E+00
+197.0000E-03,+5.8355526E+00
+197.5000E-03,+5.8104270E+00
+198.0000E-03,+5.7878139E+00
+198.5000E-03,+5.7626883E+00
+199.0000E-03,+5.7300250E+00
+199.5000E-03,+5.6998742E+00
+200.0000E-03,+5.6697235E+00
+200.5000E-03,+5.6420853E+00
+201.0000E-03,+5.6094220E+00
+201.5000E-03,+5.5792712E+00
+202.0000E-03,+5.5440954E+00
+202.5000E-03,+5.5064069E+00
+203.0000E-03,+5.4712310E+00
+203.5000E-03,+5.4335426E+00
+204.0000E-03,+5.3958542E+00
+204.5000E-03,+5.3581657E+00
+205.0000E-03,+5.3154521E+00
+205.5000E-03,+5.2752511E+00
+206.0000E-03,+5.2325376E+00
+206.5000E-03,+5.1898240E+00
+207.0000E-03,+5.1496230E+00
+207.5000E-03,+5.1043969E+00
+208.0000E-03,+5.0591707E+00
+208.5000E-03,+5.0139446E+00
+209.0000E-03,+4.9662059E+00
+209.5000E-03,+4.9209798E+00
+210.0000E-03,+4.8707285E+00
+210.5000E-03,+4.8255024E+00
+211.0000E-03,+4.7752511E+00
+211.5000E-03,+4.7249999E+00
+212.0000E-03,+4.6747486E+00
+212.5000E-03,+4.6270099E+00
+213.0000E-03,+4.5742461E+00
+213.5000E-03,+4.5214823E+00
+214.0000E-03,+4.4662059E+00
+214.5000E-03,+4.4159547E+00
+215.0000E-03,+4.3606783E+00
+215.5000E-03,+4.3054019E+00
+216.0000E-03,+4.2501255E+00
+216.5000E-03,+4.1973617E+00
+217.0000E-03,+4.1420853E+00
+217.5000E-03,+4.0842964E+00
+218.0000E-03,+4.0265074E+00
+218.5000E-03,+3.9687185E+00
+219.0000E-03,+3.9134421E+00
+219.5000E-03,+3.8556532E+00
+220.0000E-03,+3.7978642E+00
+220.5000E-03,+3.7425878E+00
+221.0000E-03,+3.6847989E+00
+221.5000E-03,+3.6244974E+00
+222.0000E-03,+3.5667084E+00
+222.5000E-03,+3.5089195E+00
+223.0000E-03,+3.4486180E+00
+223.5000E-03,+3.3908290E+00
+224.0000E-03,+3.3330401E+00
+224.5000E-03,+3.2752512E+00
+225.0000E-03,+3.2174622E+00
+225.5000E-03,+3.1596733E+00
+226.0000E-03,+3.1018843E+00
+226.5000E-03,+3.0415828E+00
+227.0000E-03,+2.9837939E+00
+227.5000E-03,+2.9234924E+00
+228.0000E-03,+2.8657034E+00
+228.5000E-03,+2.8079145E+00
+229.0000E-03,+2.7501255E+00
+229.5000E-03,+2.6923366E+00
+230.0000E-03,+2.6345476E+00
+230.5000E-03,+2.5742461E+00
+231.0000E-03,+2.5164572E+00
+231.5000E-03,+2.4561557E+00
+232.0000E-03,+2.3983667E+00
+232.5000E-03,+2.3430904E+00
+233.0000E-03,+2.2827889E+00
+233.5000E-03,+2.2249999E+00
+234.0000E-03,+2.1697235E+00
+234.5000E-03,+2.1119346E+00
+235.0000E-03,+2.0541456E+00
+235.5000E-03,+1.9988693E+00
+236.0000E-03,+1.9410803E+00
+236.5000E-03,+1.8883165E+00
+237.0000E-03,+1.8330401E+00
+237.5000E-03,+1.7777637E+00
+238.0000E-03,+1.7224874E+00
+238.5000E-03,+1.6697235E+00
+239.0000E-03,+1.6169597E+00
+239.5000E-03,+1.5616833E+00
+240.0000E-03,+1.5114321E+00
+240.5000E-03,+1.4611808E+00
+241.0000E-03,+1.4084170E+00
+241.5000E-03,+1.3581658E+00
+242.0000E-03,+1.3079145E+00
+242.5000E-03,+1.2601758E+00
+243.0000E-03,+1.2099245E+00
+243.5000E-03,+1.1621859E+00
+244.0000E-03,+1.1119346E+00
+244.5000E-03,+1.0692210E+00
+245.0000E-03,+1.0214823E+00
+245.5000E-03,+976.2562E-03
+246.0000E-03,+931.0301E-03
+246.5000E-03,+885.8039E-03
+247.0000E-03,+843.0904E-03
+247.5000E-03,+800.3768E-03
+248.0000E-03,+757.6632E-03
+248.5000E-03,+717.4622E-03
+249.0000E-03,+677.2612E-03
+249.5000E-03,+637.0602E-03
+250.0000E-03,+596.8592E-03
+250.5000E-03,+559.1708E-03
+251.0000E-03,+523.9949E-03
+251.5000E-03,+488.8190E-03
+252.0000E-03,+453.6432E-03
+252.5000E-03,+420.9798E-03
+253.0000E-03,+385.8040E-03
+253.5000E-03,+355.6532E-03
+254.0000E-03,+325.5024E-03
+254.5000E-03,+297.8643E-03
+255.0000E-03,+267.7135E-03
+255.5000E-03,+242.5879E-03
+256.0000E-03,+214.9497E-03
+256.5000E-03,+192.3366E-03
+257.0000E-03,+172.2361E-03
+257.5000E-03,+152.1356E-03
+258.0000E-03,+132.0351E-03
+258.5000E-03,+114.4472E-03
+259.0000E-03,+101.8844E-03
+259.5000E-03,+86.8090E-03
+260.0000E-03,+74.2462E-03
+260.5000E-03,+61.6834E-03
+261.0000E-03,+54.1457E-03
+261.5000E-03,+46.6080E-03
+262.0000E-03,+41.5829E-03
+262.5000E-03,+39.0703E-03
+263.0000E-03,+39.0703E-03
+263.5000E-03,+39.0703E-03
+264.0000E-03,+44.0954E-03
+264.5000E-03,+49.1205E-03
+265.0000E-03,+54.1457E-03
+265.5000E-03,+61.6834E-03
+266.0000E-03,+71.7336E-03
+266.5000E-03,+81.7839E-03
+267.0000E-03,+91.8341E-03
+267.5000E-03,+104.3969E-03
+268.0000E-03,+121.9849E-03
+268.5000E-03,+137.0602E-03
+269.0000E-03,+152.1356E-03
+269.5000E-03,+169.7236E-03
+270.0000E-03,+189.8241E-03
+270.5000E-03,+209.9246E-03
+271.0000E-03,+232.5376E-03
+271.5000E-03,+255.1507E-03
+272.0000E-03,+280.2763E-03
+272.5000E-03,+305.4019E-03
+273.0000E-03,+333.0401E-03
+273.5000E-03,+360.6783E-03
+274.0000E-03,+393.3416E-03
+274.5000E-03,+423.4924E-03
+275.0000E-03,+456.1557E-03
+275.5000E-03,+486.3065E-03
+276.0000E-03,+523.9949E-03
+276.5000E-03,+556.6582E-03
+277.0000E-03,+594.3467E-03
+277.5000E-03,+632.0351E-03
+278.0000E-03,+672.2361E-03
+278.5000E-03,+709.9246E-03
+279.0000E-03,+750.1256E-03
+279.5000E-03,+792.8391E-03
+280.0000E-03,+835.5527E-03
+280.5000E-03,+878.2663E-03
+281.0000E-03,+923.4924E-03
+281.5000E-03,+971.2311E-03
+282.0000E-03,+1.0164572E+00
+282.5000E-03,+1.0641959E+00
+283.0000E-03,+1.1119346E+00
+283.5000E-03,+1.1621859E+00
+284.0000E-03,+1.2124371E+00
+284.5000E-03,+1.2626884E+00
+285.0000E-03,+1.3129396E+00
+285.5000E-03,+1.3657034E+00
+286.0000E-03,+1.4184673E+00
+286.5000E-03,+1.4737436E+00
+287.0000E-03,+1.5290200E+00
+287.5000E-03,+1.5842964E+00
+288.0000E-03,+1.6395728E+00
+288.5000E-03,+1.6948492E+00
+289.0000E-03,+1.7526381E+00
+289.5000E-03,+1.8104271E+00
+290.0000E-03,+1.8682160E+00
+290.5000E-03,+1.9285175E+00
+291.0000E-03,+1.9863065E+00
+291.5000E-03,+2.0466080E+00
+292.0000E-03,+2.1069095E+00
+292.5000E-03,+2.1672110E+00
+293.0000E-03,+2.2300250E+00
+293.5000E-03,+2.2903265E+00
+294.0000E-03,+2.3531406E+00
+294.5000E-03,+2.4159547E+00
+295.0000E-03,+2.4787688E+00
+295.5000E-03,+2.5415828E+00
+296.0000E-03,+2.6043969E+00
+296.5000E-03,+2.6646984E+00
+297.0000E-03,+2.7300250E+00
+297.5000E-03,+2.7953517E+00
+298.0000E-03,+2.8581657E+00
+298.5000E-03,+2.9209798E+00
+299.0000E-03,+2.9837939E+00
+299.5000E-03,+3.0466079E+00
+300.0000E-03,+3.1119346E+00
+300.5000E-03,+3.1747486E+00
+301.0000E-03,+3.2350502E+00
+301.5000E-03,+3.2953517E+00
+302.0000E-03,+3.3606783E+00
+302.5000E-03,+3.4234924E+00
+303.0000E-03,+3.4863064E+00
+303.5000E-03,+3.5466079E+00
+304.0000E-03,+3.6094220E+00
+304.5000E-03,+3.6722361E+00
+305.0000E-03,+3.7350502E+00
+305.5000E-03,+3.7953517E+00
+306.0000E-03,+3.8556532E+00
+306.5000E-03,+3.9184672E+00
+307.0000E-03,+3.9787687E+00
+307.5000E-03,+4.0365577E+00
+308.0000E-03,+4.0968592E+00
+308.5000E-03,+4.1546481E+00
+309.0000E-03,+4.2124371E+00
+309.5000E-03,+4.2677135E+00
+310.0000E-03,+4.3255024E+00
+310.5000E-03,+4.3807788E+00
+311.0000E-03,+4.4360552E+00
+311.5000E-03,+4.4888190E+00
+312.0000E-03,+4.5415828E+00
+312.5000E-03,+4.5918341E+00
+313.0000E-03,+4.6420853E+00
+313.5000E-03,+4.6948491E+00
+314.0000E-03,+4.7451004E+00
+314.5000E-03,+4.7903265E+00
+315.0000E-03,+4.8380652E+00
+315.5000E-03,+4.8832913E+00
+316.0000E-03,+4.9310300E+00
+316.5000E-03,+4.9737436E+00
+317.0000E-03,+5.0164572E+00
+317.5000E-03,+5.0591707E+00
+318.0000E-03,+5.1043969E+00
+318.5000E-03,+5.1471104E+00
+319.0000E-03,+5.1873114E+00
+319.5000E-03,+5.2275124E+00
+320.0000E-03,+5.2677135E+00
+320.5000E-03,+5.3079145E+00
+321.0000E-03,+5.3481155E+00
+321.5000E-03,+5.3858039E+00
+322.0000E-03,+5.4209798E+00
+322.5000E-03,+5.4586682E+00
+323.0000E-03,+5.4963567E+00
+323.5000E-03,+5.5290200E+00
+324.0000E-03,+5.5616833E+00
+324.5000E-03,+5.5893215E+00
+325.0000E-03,+5.6219848E+00
+325.5000E-03,+5.6521356E+00
+326.0000E-03,+5.6797737E+00
+326.5000E-03,+5.6998742E+00
+327.0000E-03,+5.7249999E+00
+327.5000E-03,+5.7501255E+00
+328.0000E-03,+5.7777637E+00
+328.5000E-03,+5.7953516E+00
+329.0000E-03,+5.8104270E+00
+329.5000E-03,+5.8280150E+00
+330.0000E-03,+5.8481155E+00
+330.5000E-03,+5.8657034E+00
+331.0000E-03,+5.8757536E+00
+331.5000E-03,+5.8858039E+00
+332.0000E-03,+5.8983667E+00
+332.5000E-03,+5.9134421E+00
+333.0000E-03,+5.9234923E+00
+333.5000E-03,+5.9310300E+00
+334.0000E-03,+5.9360552E+00
+334.5000E-03,+5.9435928E+00
+335.0000E-03,+5.9511305E+00
+335.5000E-03,+5.9561557E+00
+336.0000E-03,+5.9586682E+00
+336.5000E-03,+5.9586682E+00
+337.0000E-03,+5.9611808E+00
+337.5000E-03,+5.9611808E+00
+338.0000E-03,+5.9586682E+00
+338.5000E-03,+5.9561557E+00
+339.0000E-03,+5.9486180E+00
+339.5000E-03,+5.9435928E+00
+340.0000E-03,+5.9360552E+00
+340.5000E-03,+5.9285175E+00
+341.0000E-03,+5.9159546E+00
+341.5000E-03,+5.9059044E+00
+342.0000E-03,+5.8933416E+00
+342.5000E-03,+5.8832913E+00
+343.0000E-03,+5.8682160E+00
+343.5000E-03,+5.8506280E+00
+344.0000E-03,+5.8330401E+00
+344.5000E-03,+5.8154521E+00
+345.0000E-03,+5.8003768E+00
+345.5000E-03,+5.7777637E+00
+346.0000E-03,+5.7551506E+00
+346.5000E-03,+5.7325376E+00
+347.0000E-03,+5.7074119E+00
+347.5000E-03,+5.6847989E+00
+348.0000E-03,+5.6596732E+00
+348.5000E-03,+5.6320351E+00
+349.0000E-03,+5.6018843E+00
+349.5000E-03,+5.5717335E+00
+350.0000E-03,+5.5415828E+00
+350.5000E-03,+5.5114320E+00
+351.0000E-03,+5.4812813E+00
+351.5000E-03,+5.4461054E+00
+352.0000E-03,+5.4084170E+00
+352.5000E-03,+5.3732411E+00
+353.0000E-03,+5.3355526E+00
+353.5000E-03,+5.3003768E+00
+354.0000E-03,+5.2626883E+00
+354.5000E-03,+5.2249999E+00
+355.0000E-03,+5.1822863E+00
+355.5000E-03,+5.1395727E+00
+356.0000E-03,+5.0968592E+00
+356.5000E-03,+5.0566582E+00
+357.0000E-03,+5.0139446E+00
+357.5000E-03,+4.9687185E+00
+358.0000E-03,+4.9234923E+00
+358.5000E-03,+4.8782662E+00
+359.0000E-03,+4.8305275E+00
+359.5000E-03,+4.7827888E+00
+360.0000E-03,+4.7350501E+00
+360.5000E-03,+4.6898240E+00
+361.0000E-03,+4.6395728E+00
+361.5000E-03,+4.5893215E+00
+362.0000E-03,+4.5365577E+00
+362.5000E-03,+4.4863064E+00
+363.0000E-03,+4.4335426E+00
+363.5000E-03,+4.3807788E+00
+364.0000E-03,+4.3280150E+00
+364.5000E-03,+4.2752511E+00
+365.0000E-03,+4.2224873E+00
+365.5000E-03,+4.1672109E+00
+366.0000E-03,+4.1119346E+00
+366.5000E-03,+4.0566582E+00
+367.0000E-03,+4.0013818E+00
+367.5000E-03,+3.9435929E+00
+368.0000E-03,+3.8883165E+00
+368.5000E-03,+3.8330401E+00
+369.0000E-03,+3.7752512E+00
+369.5000E-03,+3.7174622E+00
+370.0000E-03,+3.6596733E+00
+370.5000E-03,+3.5993718E+00
+371.0000E-03,+3.5415828E+00
+371.5000E-03,+3.4812813E+00
+372.0000E-03,+3.4234924E+00
+372.5000E-03,+3.3682160E+00
+373.0000E-03,+3.3104270E+00
+373.5000E-03,+3.2526381E+00
+374.0000E-03,+3.1973617E+00
+374.5000E-03,+3.1395728E+00
+375.0000E-03,+3.0817838E+00
+375.5000E-03,+3.0214823E+00
+376.0000E-03,+2.9611808E+00
+376.5000E-03,+2.9059044E+00
+377.0000E-03,+2.8456029E+00
+377.5000E-03,+2.7878140E+00
+378.0000E-03,+2.7300250E+00
+378.5000E-03,+2.6697235E+00
+379.0000E-03,+2.6094220E+00
+379.5000E-03,+2.5516331E+00
+380.0000E-03,+2.4913316E+00
+380.5000E-03,+2.4360552E+00
+381.0000E-03,+2.3782662E+00
+381.5000E-03,+2.3204773E+00
+382.0000E-03,+2.2626884E+00
+382.5000E-03,+2.2048994E+00
+383.0000E-03,+2.1471105E+00
+383.5000E-03,+2.0893215E+00
+384.0000E-03,+2.0315326E+00
+384.5000E-03,+1.9762562E+00
+385.0000E-03,+1.9209798E+00
+385.5000E-03,+1.8657034E+00
+386.0000E-03,+1.8104271E+00
+386.5000E-03,+1.7551507E+00
+387.0000E-03,+1.6998743E+00
+387.5000E-03,+1.6471105E+00
+388.0000E-03,+1.5918341E+00
+388.5000E-03,+1.5440954E+00
+389.0000E-03,+1.4913316E+00
+389.5000E-03,+1.4385678E+00
+390.0000E-03,+1.3858039E+00
+390.5000E-03,+1.3380653E+00
+391.0000E-03,+1.2878140E+00
+391.5000E-03,+1.2375627E+00
+392.0000E-03,+1.1898240E+00
+392.5000E-03,+1.1445979E+00
+393.0000E-03,+1.0968592E+00
+393.5000E-03,+1.0516331E+00
+394.0000E-03,+1.0038944E+00
+394.5000E-03,+961.1808E-03
+395.0000E-03,+915.9547E-03
+395.5000E-03,+873.2411E-03
+396.0000E-03,+828.0150E-03
+396.5000E-03,+790.3266E-03
+397.0000E-03,+747.6130E-03
+397.5000E-03,+709.9246E-03
+398.0000E-03,+669.7236E-03
+398.5000E-03,+632.0351E-03
+399.0000E-03,+594.3467E-03
+399.5000E-03,+559.1708E-03
+400.0000E-03,+521.4823E-03
+400.5000E-03,+488.8190E-03
+401.0000E-03,+453.6432E-03
+401.5000E-03,+423.4924E-03
+402.0000E-03,+388.3165E-03
+402.5000E-03,+360.6783E-03
+403.0000E-03,+328.0150E-03
+403.5000E-03,+302.8894E-03
+404.0000E-03,+272.7386E-03
+404.5000E-03,+250.1256E-03
+405.0000E-03,+224.9999E-03
+405.5000E-03,+202.3869E-03
+406.0000E-03,+179.7738E-03
+406.5000E-03,+159.6733E-03
+407.0000E-03,+142.0854E-03
+407.5000E-03,+124.4974E-03
+408.0000E-03,+106.9095E-03
+408.5000E-03,+91.8341E-03
+409.0000E-03,+79.2713E-03
+409.5000E-03,+66.7085E-03
+410.0000E-03,+56.6582E-03
+410.5000E-03,+46.6080E-03
+411.0000E-03,+41.5829E-03
+411.5000E-03,+36.5577E-03
+412.0000E-03,+29.0200E-03
+412.5000E-03,+29.0200E-03
+413.0000E-03,+29.0200E-03
+413.5000E-03,+29.0200E-03
+414.0000E-03,+31.5326E-03
+414.5000E-03,+36.5577E-03
+415.0000E-03,+41.5829E-03
+415.5000E-03,+49.1205E-03
+416.0000E-03,+59.1708E-03
+416.5000E-03,+69.2210E-03
+417.0000E-03,+79.2713E-03
+417.5000E-03,+89.3215E-03
+418.0000E-03,+104.3969E-03
+418.5000E-03,+119.4723E-03
+419.0000E-03,+134.5477E-03
+419.5000E-03,+152.1356E-03
+420.0000E-03,+172.2361E-03
+420.5000E-03,+189.8241E-03
+421.0000E-03,+209.9246E-03
+421.5000E-03,+235.0502E-03
+422.0000E-03,+257.6633E-03
+422.5000E-03,+282.7889E-03
+423.0000E-03,+310.4271E-03
+423.5000E-03,+335.5527E-03
+424.0000E-03,+365.7035E-03
+424.5000E-03,+395.8542E-03
+425.0000E-03,+428.5175E-03
+425.5000E-03,+461.1808E-03
+426.0000E-03,+493.8442E-03
+426.5000E-03,+529.0200E-03
+427.0000E-03,+564.1959E-03
+427.5000E-03,+601.8844E-03
+428.0000E-03,+639.5728E-03
+428.5000E-03,+677.2612E-03
+429.0000E-03,+717.4622E-03
+429.5000E-03,+757.6632E-03
+430.0000E-03,+800.3768E-03
+430.5000E-03,+843.0904E-03
+431.0000E-03,+888.3165E-03
+431.5000E-03,+933.5426E-03
+432.0000E-03,+981.2813E-03
+432.5000E-03,+1.0265075E+00
+433.0000E-03,+1.0742462E+00
+433.5000E-03,+1.1219849E+00
+434.0000E-03,+1.1722361E+00
+434.5000E-03,+1.2224874E+00
+435.0000E-03,+1.2727386E+00
+435.5000E-03,+1.3280150E+00
+436.0000E-03,+1.3782663E+00
+436.5000E-03,+1.4310301E+00
+437.0000E-03,+1.4837939E+00
+437.5000E-03,+1.5390703E+00
+438.0000E-03,+1.5943467E+00
+438.5000E-03,+1.6521356E+00
+439.0000E-03,+1.7099245E+00
+439.5000E-03,+1.7652009E+00
+440.0000E-03,+1.8255024E+00
+440.5000E-03,+1.8832914E+00
+441.0000E-03,+1.9435929E+00
+441.5000E-03,+2.0013818E+00
+442.0000E-03,+2.0616833E+00
+442.5000E-03,+2.1244974E+00
+443.0000E-03,+2.1847989E+00
+443.5000E-03,+2.2476130E+00
+444.0000E-03,+2.3079145E+00
+444.5000E-03,+2.3707286E+00
+445.0000E-03,+2.4335426E+00
+445.5000E-03,+2.4963567E+00
+446.0000E-03,+2.5591708E+00
+446.5000E-03,+2.6219848E+00
+447.0000E-03,+2.6847989E+00
+447.5000E-03,+2.7476130E+00
+448.0000E-03,+2.8104270E+00
+448.5000E-03,+2.8757537E+00
+449.0000E-03,+2.9410803E+00
+449.5000E-03,+3.0038944E+00
+450.0000E-03,+3.0641959E+00
+450.5000E-03,+3.1270100E+00
+451.0000E-03,+3.1923366E+00
+451.5000E-03,+3.2526381E+00
+452.0000E-03,+3.3179647E+00
+452.5000E-03,+3.3782662E+00
+453.0000E-03,+3.4410803E+00
+453.5000E-03,+3.5038944E+00
+454.0000E-03,+3.5667084E+00
+454.5000E-03,+3.6320351E+00
+455.0000E-03,+3.6948491E+00
+455.5000E-03,+3.7526381E+00
+456.0000E-03,+3.8154522E+00
+456.5000E-03,+3.8782662E+00
+457.0000E-03,+3.9410803E+00
+457.5000E-03,+4.0013818E+00
+458.0000E-03,+4.0591707E+00
+458.5000E-03,+4.1194723E+00
+459.0000E-03,+4.1822863E+00
+459.5000E-03,+4.2400753E+00
+460.0000E-03,+4.3003768E+00
+460.5000E-03,+4.3531406E+00
+461.0000E-03,+4.4109295E+00
+461.5000E-03,+4.4636934E+00
+462.0000E-03,+4.5214823E+00
+462.5000E-03,+4.5742461E+00
+463.0000E-03,+4.6295225E+00
+463.5000E-03,+4.6822863E+00
+464.0000E-03,+4.7325376E+00
+464.5000E-03,+4.7802763E+00
+465.0000E-03,+4.8305275E+00
+465.5000E-03,+4.8807788E+00
+466.0000E-03,+4.9285175E+00
+466.5000E-03,+4.9737436E+00
+467.0000E-03,+5.0189697E+00
+467.5000E-03,+5.0667084E+00
+468.0000E-03,+5.1144471E+00
+468.5000E-03,+5.1571607E+00
+469.0000E-03,+5.1998743E+00
+469.5000E-03,+5.2400753E+00
+470.0000E-03,+5.2827888E+00
+470.5000E-03,+5.3280150E+00
+471.0000E-03,+5.3682160E+00
+471.5000E-03,+5.4059044E+00
+472.0000E-03,+5.4435928E+00
+472.5000E-03,+5.4812813E+00
+473.0000E-03,+5.5239949E+00
+473.5000E-03,+5.5591707E+00
+474.0000E-03,+5.5918341E+00
+474.5000E-03,+5.6244974E+00
+475.0000E-03,+5.6596732E+00
+475.5000E-03,+5.6898240E+00
+476.0000E-03,+5.7199748E+00
+476.5000E-03,+5.7451004E+00
+477.0000E-03,+5.7727386E+00
+477.5000E-03,+5.7978642E+00
+478.0000E-03,+5.8229898E+00
+478.5000E-03,+5.8456029E+00
+479.0000E-03,+5.8657034E+00
+479.5000E-03,+5.8858039E+00
+480.0000E-03,+5.9109295E+00
+480.5000E-03,+5.9310300E+00
+481.0000E-03,+5.9461054E+00
+481.5000E-03,+5.9586682E+00
+482.0000E-03,+5.9762562E+00
+482.5000E-03,+5.9913315E+00
+483.0000E-03,+6.0038943E+00
+483.5000E-03,+6.0139446E+00
+484.0000E-03,+6.0239948E+00
+484.5000E-03,+6.0340451E+00
+485.0000E-03,+6.0440954E+00
+485.5000E-03,+6.0516330E+00
+486.0000E-03,+6.0566582E+00
+486.5000E-03,+6.0591707E+00
+487.0000E-03,+6.0616833E+00
+487.5000E-03,+6.0667084E+00
+488.0000E-03,+6.0692210E+00
+488.5000E-03,+6.0667084E+00
+489.0000E-03,+6.0616833E+00
+489.5000E-03,+6.0591707E+00
+490.0000E-03,+6.0566582E+00
+490.5000E-03,+6.0491205E+00
+491.0000E-03,+6.0415828E+00
+491.5000E-03,+6.0315325E+00
+492.0000E-03,+6.0214823E+00
+492.5000E-03,+6.0114320E+00
+493.0000E-03,+6.0013818E+00
+493.5000E-03,+5.9888190E+00
+494.0000E-03,+5.9712310E+00
+494.5000E-03,+5.9536431E+00
+495.0000E-03,+5.9385677E+00
+495.5000E-03,+5.9209798E+00
+496.0000E-03,+5.9008793E+00
+496.5000E-03,+5.8807788E+00
+497.0000E-03,+5.8581657E+00
+497.5000E-03,+5.8330401E+00
+498.0000E-03,+5.8104270E+00
+498.5000E-03,+5.7878139E+00
+499.0000E-03,+5.7601758E+00
+499.5000E-03,+5.7300250E+00
