-4.995e-06,0.00663072442359
-4.99e-06,0.0062589080999
-4.985e-06,0.00700254074494
-4.98e-06,0.00601103055155
-4.975e-06,0.00718844890679
-4.97e-06,0.0058251223897
-4.965e-06,0.00446179587261
-4.96e-06,0.00638284687524
-4.955e-06,0.00514345913116
-4.95e-06,0.00520542852001
-4.945e-06,0.00489558158281
-4.94e-06,0.00545330606835
-4.935e-06,0.00756026523049
-4.93e-06,0.0062589080999
-4.925e-06,0.00842783664853
-4.92e-06,0.00948131623077
-4.915e-06,0.00935737745542
-4.91e-06,0.00917146929592
-4.905e-06,0.0061349693269
-4.9e-06,0.00408997955126
-4.895e-06,0.00427588771311
-4.89e-06,0.00514345913116
-4.885e-06,0.00799405094068
-4.88e-06,0.00638284687524
-4.875e-06,0.00439982648611
-4.87e-06,0.00477164280981
-4.865e-06,0.00681663258544
-4.86e-06,0.00687860197194
-4.855e-06,0.00483361219631
-4.85e-06,0.00712647952029
-4.845e-06,0.00669269381009
-4.84e-06,0.00737435706864
-4.835e-06,0.0111544896827
-4.83e-06,0.00706451013379
-4.825e-06,0.00501952035816
-4.82e-06,0.00477164280981
-4.815e-06,0.00588709177855
-4.81e-06,0.00842783664853
-4.805e-06,0.00861374481038
-4.8e-06,0.00805602032718
-4.795e-06,0.00545330606835
-4.79e-06,0.00359422445457
-4.785e-06,0.00439982648611
-4.78e-06,0.00365619384107
-4.775e-06,0.00396604077592
-4.77e-06,0.00347028567922
-4.765e-06,0.00402801016477
-4.76e-06,0.00731238768214
-4.755e-06,0.00749829584164
-4.75e-06,0.00743632645514
-4.745e-06,0.00737435706864
-4.74e-06,0.00545330606835
-4.735e-06,0.0061349693269
-4.73e-06,0.0057011836167
-4.725e-06,0.00799405094068
-4.72e-06,0.00756026523049
-4.715e-06,0.0057011836167
-4.71e-06,0.00694057135844
-4.705e-06,0.00694057135844
-4.7e-06,0.00879965297222
-4.695e-06,0.00842783664853
-4.69e-06,0.00514345913116
-4.685e-06,0.005329367293
-4.68e-06,0.00446179587261
-4.675e-06,0.0057011836167
-4.67e-06,0.00904753052057
-4.665e-06,0.00904753052057
-4.66e-06,0.0061969387134
-4.655e-06,0.00378013261642
-4.65e-06,0.0063208774864
-4.645e-06,0.00743632645514
-4.64e-06,0.00687860197194
-4.635e-06,0.00873768358573
-4.63e-06,0.0061969387134
-4.625e-06,0.00588709177855
-4.62e-06,0.00644481626174
-4.615e-06,0.00694057135844
-4.61e-06,0.0061969387134
-4.605e-06,0.00365619384107
-4.6e-06,0.00663072442359
-4.595e-06,0.00743632645514
-4.59e-06,0.00594906116505
-4.585e-06,0.00638284687524
-4.58e-06,0.00514345913116
-4.575e-06,0.00514345913116
-4.57e-06,0.00489558158281
-4.565e-06,0.00452376526146
-4.56e-06,0.00638284687524
-4.555e-06,0.00415194893776
-4.55e-06,0.00439982648611
-4.545e-06,0.0058251223897
-4.54e-06,0.00557724484135
-4.535e-06,0.00873768358573
-4.53e-06,0.00842783664853
-4.525e-06,0.00768420400348
-4.52e-06,0.0063208774864
-4.515e-06,0.00588709177855
-4.51e-06,0.00557724484135
-4.505e-06,0.00650678564824
-4.5e-06,0.0105347958107
-4.495e-06,0.00954328561727
-4.49e-06,0.00780814277883
-4.485e-06,0.00954328561727
-4.48e-06,0.00718844890679
-4.475e-06,0.0057011836167
-4.47e-06,0.0063208774864
-4.465e-06,0.00762223461698
-4.46e-06,0.00855177542388
-4.455e-06,0.0061349693269
-4.45e-06,0.00756026523049
-4.445e-06,0.00805602032718
-4.44e-06,0.00694057135844
-4.435e-06,0.00644481626174
-4.43e-06,0.00588709177855
-4.425e-06,0.00904753052057
-4.42e-06,0.0108446427479
-4.415e-06,0.00935737745542
-4.41e-06,0.00997707132746
-4.405e-06,0.0121459998761
-4.4e-06,0.0143149284271
-4.395e-06,0.0102869182623
-4.39e-06,0.00675466319659
-4.385e-06,0.00638284687524
-4.38e-06,0.0058251223897
-4.375e-06,0.00873768358573
-4.37e-06,0.00898556113407
-4.365e-06,0.00737435706864
-4.36e-06,0.00706451013379
-4.355e-06,0.00644481626174
-4.35e-06,0.00780814277883
-4.345e-06,0.00780814277883
-4.34e-06,0.0061969387134
-4.335e-06,0.00675466319659
-4.33e-06,0.00700254074494
-4.325e-06,0.00954328561727
-4.32e-06,0.00923343868242
-4.315e-06,0.00941934684427
-4.31e-06,0.0105967651995
-4.305e-06,0.0104728264242
-4.3e-06,0.0104108570377
-4.295e-06,0.0112164590692
-4.29e-06,0.0101629794893
-4.285e-06,0.00830389787553
-4.28e-06,0.00681663258544
-4.275e-06,0.00836586726203
-4.27e-06,0.00954328561727
-4.265e-06,0.00793208155183
-4.26e-06,0.00749829584164
-4.255e-06,0.00725041829329
-4.25e-06,0.00979116316562
-4.245e-06,0.0102249488758
-4.24e-06,0.0104728264242
-4.235e-06,0.0113403978446
-4.23e-06,0.00768420400348
-4.225e-06,0.00836586726203
-4.22e-06,0.00725041829329
-4.215e-06,0.00601103055155
-4.21e-06,0.00824192848903
-4.205e-06,0.00787011216533
-4.2e-06,0.00842783664853
-4.195e-06,0.00656875503474
-4.19e-06,0.00718844890679
-4.185e-06,0.00997707132746
-4.18e-06,0.00904753052057
-4.175e-06,0.00787011216533
-4.17e-06,0.00694057135844
-4.165e-06,0.00607299993805
-4.16e-06,0.00910949990707
-4.155e-06,0.00972919377912
-4.15e-06,0.0108446427479
-4.145e-06,0.0103488876512
-4.14e-06,0.00873768358573
-4.135e-06,0.00898556113407
-4.13e-06,0.00718844890679
-4.125e-06,0.00805602032718
-4.12e-06,0.00743632645514
-4.115e-06,0.00669269381009
-4.11e-06,0.00799405094068
-4.105e-06,0.00743632645514
-4.1e-06,0.00811798971368
-4.095e-06,0.00892359174757
-4.09e-06,0.00725041829329
-4.085e-06,0.00879965297222
-4.08e-06,0.0102249488758
-4.075e-06,0.00960525500377
-4.07e-06,0.00762223461698
-4.065e-06,0.00638284687524
-4.06e-06,0.00793208155183
-4.055e-06,0.00842783664853
-4.05e-06,0.0115882753929
-4.045e-06,0.0115263060064
-4.04e-06,0.00861374481038
-4.035e-06,0.00898556113407
-4.03e-06,0.00917146929592
-4.025e-06,0.00910949990707
-4.02e-06,0.00991510194096
-4.015e-06,0.00954328561727
-4.01e-06,0.00836586726203
-4.005e-06,0.00718844890679
-4e-06,0.00749829584164
-3.995e-06,0.0057631530032
-3.99e-06,0.0053913366795
-3.985e-06,0.00836586726203
-3.98e-06,0.00756026523049
-3.975e-06,0.00836586726203
-3.97e-06,0.0105967651995
-3.965e-06,0.0114643366176
-3.96e-06,0.0118981223277
-3.955e-06,0.00910949990707
-3.95e-06,0.00966722439262
-3.945e-06,0.00731238768214
-3.94e-06,0.0057631530032
-3.935e-06,0.00929540806892
-3.93e-06,0.00941934684427
-3.925e-06,0.010658734586
-3.92e-06,0.0101629794893
-3.915e-06,0.00718844890679
-3.91e-06,0.00712647952029
-3.905e-06,0.00780814277883
-3.9e-06,0.00787011216533
-3.895e-06,0.00756026523049
-3.89e-06,0.00749829584164
-3.885e-06,0.00725041829329
-3.88e-06,0.00694057135844
-3.875e-06,0.00917146929592
-3.87e-06,0.00811798971368
-3.865e-06,0.00656875503474
-3.86e-06,0.00861374481038
-3.855e-06,0.00749829584164
-3.85e-06,0.00793208155183
-3.845e-06,0.00842783664853
-3.84e-06,0.00886162235872
-3.835e-06,0.00923343868242
-3.83e-06,0.00706451013379
-3.825e-06,0.00817995910018
-3.82e-06,0.00929540806892
-3.815e-06,0.0109066121344
-3.81e-06,0.010039040714
-3.805e-06,0.00737435706864
-3.8e-06,0.00787011216533
-3.795e-06,0.00830389787553
-3.79e-06,0.00848980603738
-3.785e-06,0.00855177542388
-3.78e-06,0.00663072442359
-3.775e-06,0.00811798971368
-3.77e-06,0.00960525500377
-3.765e-06,0.00718844890679
-3.76e-06,0.00650678564824
-3.755e-06,0.00923343868242
-3.75e-06,0.0101629794893
-3.745e-06,0.00892359174757
-3.74e-06,0.00979116316562
-3.735e-06,0.00960525500377
-3.73e-06,0.0062589080999
-3.725e-06,0.00681663258544
-3.72e-06,0.00706451013379
-3.715e-06,0.00650678564824
-3.71e-06,0.00817995910018
-3.705e-06,0.00799405094068
-3.7e-06,0.00756026523049
-3.695e-06,0.00830389787553
-3.69e-06,0.0101629794893
-3.685e-06,0.010039040714
-3.68e-06,0.00669269381009
-3.675e-06,0.00830389787553
-3.67e-06,0.00879965297222
-3.665e-06,0.00787011216533
-3.66e-06,0.00836586726203
-3.655e-06,0.00762223461698
-3.65e-06,0.00861374481038
-3.645e-06,0.00805602032718
-3.64e-06,0.00520542852001
-3.635e-06,0.00638284687524
-3.63e-06,0.00898556113407
-3.625e-06,0.0118361529412
-3.62e-06,0.00960525500377
-3.615e-06,0.00799405094068
-3.61e-06,0.00805602032718
-3.605e-06,0.0058251223897
-3.6e-06,0.00663072442359
-3.595e-06,0.00966722439262
-3.59e-06,0.0107207039725
-3.585e-06,0.00991510194096
-3.58e-06,0.0062589080999
-3.575e-06,0.00855177542388
-3.57e-06,0.00910949990707
-3.565e-06,0.00743632645514
-3.56e-06,0.00879965297222
-3.555e-06,0.00768420400348
-3.55e-06,0.00817995910018
-3.545e-06,0.00972919377912
-3.54e-06,0.00910949990707
-3.535e-06,0.00749829584164
-3.53e-06,0.00601103055155
-3.525e-06,0.00650678564824
-3.52e-06,0.00848980603738
-3.515e-06,0.00948131623077
-3.51e-06,0.0112164590692
-3.505e-06,0.0107207039725
-3.5e-06,0.0104108570377
-3.495e-06,0.00805602032718
-3.49e-06,0.00638284687524
-3.485e-06,0.00756026523049
-3.48e-06,0.00656875503474
-3.475e-06,0.00898556113407
-3.47e-06,0.00886162235872
-3.465e-06,0.00774617339233
-3.46e-06,0.00861374481038
-3.455e-06,0.00601103055155
-3.45e-06,0.00700254074494
-3.445e-06,0.0063208774864
-3.44e-06,0.00588709177855
-3.435e-06,0.00749829584164
-3.43e-06,0.00675466319659
-3.425e-06,0.00886162235872
-3.42e-06,0.00935737745542
-3.415e-06,0.00960525500377
-3.41e-06,0.00979116316562
-3.405e-06,0.00966722439262
-3.4e-06,0.0103488876512
-3.395e-06,0.00873768358573
-3.39e-06,0.0057011836167
-3.385e-06,0.00588709177855
-3.38e-06,0.00830389787553
-3.375e-06,0.0109066121344
-3.37e-06,0.00917146929592
-3.365e-06,0.00687860197194
-3.36e-06,0.00910949990707
-3.355e-06,0.00650678564824
-3.35e-06,0.00594906116505
-3.345e-06,0.0061349693269
-3.34e-06,0.0061969387134
-3.335e-06,0.00725041829329
-3.33e-06,0.00700254074494
-3.325e-06,0.00948131623077
-3.32e-06,0.0102869182623
-3.315e-06,0.0107207039725
-3.31e-06,0.00954328561727
-3.305e-06,0.00867571419923
-3.3e-06,0.0115263060064
-3.295e-06,0.00997707132746
-3.29e-06,0.00836586726203
-3.285e-06,0.0102249488758
-3.28e-06,0.0103488876512
-3.275e-06,0.0101010101028
-3.27e-06,0.0104728264242
-3.265e-06,0.0104728264242
-3.26e-06,0.0101629794893
-3.255e-06,0.00601103055155
-3.25e-06,0.00743632645514
-3.245e-06,0.00848980603738
-3.24e-06,0.00749829584164
-3.235e-06,0.00898556113407
-3.23e-06,0.00656875503474
-3.225e-06,0.0052673979065
-3.22e-06,0.00725041829329
-3.215e-06,0.0102249488758
-3.21e-06,0.0104108570377
-3.205e-06,0.00793208155183
-3.2e-06,0.00836586726203
-3.195e-06,0.00923343868242
-3.19e-06,0.00985313255447
-3.185e-06,0.0115263060064
-3.18e-06,0.0102869182623
-3.175e-06,0.00817995910018
-3.17e-06,0.005329367293
-3.165e-06,0.00384210200292
-3.16e-06,0.00731238768214
-3.155e-06,0.00811798971368
-3.15e-06,0.00842783664853
-3.145e-06,0.00762223461698
-3.14e-06,0.00817995910018
-3.135e-06,0.00910949990707
-3.13e-06,0.0063208774864
-3.125e-06,0.00725041829329
-3.12e-06,0.00861374481038
-3.115e-06,0.00793208155183
-3.11e-06,0.00892359174757
-3.105e-06,0.00836586726203
-3.1e-06,0.00954328561727
-3.095e-06,0.00879965297222
-3.09e-06,0.00737435706864
-3.085e-06,0.010039040714
-3.08e-06,0.00799405094068
-3.075e-06,0.00787011216533
-3.07e-06,0.00991510194096
-3.065e-06,0.00892359174757
-3.06e-06,0.00811798971368
-3.055e-06,0.0063208774864
-3.05e-06,0.00768420400348
-3.045e-06,0.00793208155183
-3.04e-06,0.00873768358573
-3.035e-06,0.00997707132746
-3.03e-06,0.00811798971368
-3.025e-06,0.00768420400348
-3.02e-06,0.00551527545485
-3.015e-06,0.00446179587261
-3.01e-06,0.00601103055155
-3.005e-06,0.00756026523049
-3e-06,0.0108446427479
-2.995e-06,0.0116502447794
-2.99e-06,0.0104108570377
-2.985e-06,0.00991510194096
-2.98e-06,0.00805602032718
-2.975e-06,0.00867571419923
-2.97e-06,0.00991510194096
-2.965e-06,0.0104108570377
-2.96e-06,0.0109066121344
-2.955e-06,0.00780814277883
-2.95e-06,0.00675466319659
-2.945e-06,0.00514345913116
-2.94e-06,0.00489558158281
-2.935e-06,0.00787011216533
-2.93e-06,0.0061969387134
-2.925e-06,0.00687860197194
-2.92e-06,0.00910949990707
-2.915e-06,0.00861374481038
-2.91e-06,0.00892359174757
-2.905e-06,0.00923343868242
-2.9e-06,0.00972919377912
-2.895e-06,0.0102249488758
-2.89e-06,0.0118361529412
-2.885e-06,0.0110305509097
-2.88e-06,0.00588709177855
-2.875e-06,0.00402801016477
-2.87e-06,0.005329367293
-2.865e-06,0.0061349693269
-2.86e-06,0.00910949990707
-2.855e-06,0.00941934684427
-2.85e-06,0.0110305509097
-2.845e-06,0.00991510194096
-2.84e-06,0.00904753052057
-2.835e-06,0.00780814277883
-2.83e-06,0.00501952035816
-2.825e-06,0.00601103055155
-2.82e-06,0.0052673979065
-2.815e-06,0.00495755097166
-2.81e-06,0.00718844890679
-2.805e-06,0.00799405094068
-2.8e-06,0.00997707132746
-2.795e-06,0.00892359174757
-2.79e-06,0.00687860197194
-2.785e-06,0.00718844890679
-2.78e-06,0.00737435706864
-2.775e-06,0.00923343868242
-2.77e-06,0.00694057135844
-2.765e-06,0.00607299993805
-2.76e-06,0.00923343868242
-2.755e-06,0.00867571419923
-2.75e-06,0.0101010101028
-2.745e-06,0.00824192848903
-2.74e-06,0.0057631530032
-2.735e-06,0.00663072442359
-2.73e-06,0.00774617339233
-2.725e-06,0.00892359174757
-2.72e-06,0.0057011836167
-2.715e-06,0.00489558158281
-2.71e-06,0.00762223461698
-2.705e-06,0.00923343868242
-2.7e-06,0.00960525500377
-2.695e-06,0.00787011216533
-2.69e-06,0.00793208155183
-2.685e-06,0.00991510194096
-2.68e-06,0.00731238768214
-2.675e-06,0.0108446427479
-2.67e-06,0.0133853876202
-2.665e-06,0.0112784284581
-2.66e-06,0.0112164590692
-2.655e-06,0.00910949990707
-2.65e-06,0.00774617339233
-2.645e-06,0.00669269381009
-2.64e-06,0.0062589080999
-2.635e-06,0.00756026523049
-2.63e-06,0.00501952035816
-2.625e-06,0.005329367293
-2.62e-06,0.00898556113407
-2.615e-06,0.00954328561727
-2.61e-06,0.00842783664853
-2.605e-06,0.00663072442359
-2.6e-06,0.00700254074494
-2.595e-06,0.00762223461698
-2.59e-06,0.00737435706864
-2.585e-06,0.00725041829329
-2.58e-06,0.00607299993805
-2.575e-06,0.00830389787553
-2.57e-06,0.00917146929592
-2.565e-06,0.0104728264242
-2.56e-06,0.0113403978446
-2.555e-06,0.00681663258544
-2.55e-06,0.00811798971368
-2.545e-06,0.00898556113407
-2.54e-06,0.00867571419923
-2.535e-06,0.0107826733614
-2.53e-06,0.00941934684427
-2.525e-06,0.0101629794893
-2.52e-06,0.00861374481038
-2.515e-06,0.00725041829329
-2.51e-06,0.00848980603738
-2.505e-06,0.00929540806892
-2.5e-06,0.0110305509097
-2.495e-06,0.00966722439262
-2.49e-06,0.00768420400348
-2.485e-06,0.00817995910018
-2.48e-06,0.00768420400348
-2.475e-06,0.00743632645514
-2.47e-06,0.0061969387134
-2.465e-06,0.00650678564824
-2.46e-06,0.00805602032718
-2.455e-06,0.00656875503474
-2.45e-06,0.00768420400348
-2.445e-06,0.00917146929592
-2.44e-06,0.00867571419923
-2.435e-06,0.00848980603738
-2.43e-06,0.00737435706864
-2.425e-06,0.00929540806892
-2.42e-06,0.00910949990707
-2.415e-06,0.00855177542388
-2.41e-06,0.00886162235872
-2.405e-06,0.00799405094068
-2.4e-06,0.00848980603738
-2.395e-06,0.00712647952029
-2.39e-06,0.005329367293
-2.385e-06,0.00687860197194
-2.38e-06,0.00805602032718
-2.375e-06,0.00960525500377
-2.37e-06,0.00904753052057
-2.365e-06,0.00762223461698
-2.36e-06,0.0104728264242
-2.355e-06,0.0101010101028
-2.35e-06,0.0102869182623
-2.345e-06,0.0112164590692
-2.34e-06,0.0104728264242
-2.335e-06,0.0104108570377
-2.33e-06,0.00941934684427
-2.325e-06,0.0110925202962
-2.32e-06,0.0131375100718
-2.315e-06,0.0122079692649
-2.31e-06,0.00935737745542
-2.305e-06,0.00799405094068
-2.3e-06,0.00966722439262
-2.295e-06,0.00836586726203
-2.29e-06,0.00700254074494
-2.285e-06,0.00737435706864
-2.28e-06,0.00514345913116
-2.275e-06,0.00861374481038
-2.27e-06,0.00941934684427
-2.265e-06,0.00687860197194
-2.26e-06,0.00787011216533
-2.255e-06,0.00787011216533
-2.25e-06,0.00873768358573
-2.245e-06,0.00780814277883
-2.24e-06,0.00966722439262
-2.235e-06,0.0128896325235
-2.23e-06,0.0102249488758
-2.225e-06,0.0104108570377
-2.22e-06,0.0114643366176
-2.215e-06,0.0114643366176
-2.21e-06,0.0108446427479
-2.205e-06,0.00861374481038
-2.2e-06,0.00799405094068
-2.195e-06,0.00799405094068
-2.19e-06,0.0110305509097
-2.185e-06,0.0151205304586
-2.18e-06,0.0133853876202
-2.175e-06,0.0122699386514
-2.17e-06,0.00960525500377
-2.165e-06,0.00879965297222
-2.16e-06,0.0104108570377
-2.155e-06,0.00836586726203
-2.15e-06,0.00817995910018
-2.145e-06,0.00873768358573
-2.14e-06,0.0102869182623
-2.135e-06,0.0138191733304
-2.13e-06,0.0138191733304
-2.125e-06,0.0132614488448
-2.12e-06,0.00941934684427
-2.115e-06,0.00867571419923
-2.11e-06,0.00948131623077
-2.105e-06,0.00886162235872
-2.1e-06,0.0128896325235
-2.095e-06,0.0127037243616
-2.09e-06,0.00817995910018
-2.085e-06,0.00855177542388
-2.08e-06,0.00904753052057
-2.075e-06,0.0114643366176
-2.07e-06,0.0118981223277
-2.065e-06,0.0107826733614
-2.06e-06,0.00935737745542
-2.055e-06,0.00731238768214
-2.05e-06,0.00954328561727
-2.045e-06,0.0108446427479
-2.04e-06,0.00966722439262
-2.035e-06,0.0102869182623
-2.03e-06,0.00941934684427
-2.025e-06,0.00948131623077
-2.02e-06,0.00867571419923
-2.015e-06,0.00879965297222
-2.01e-06,0.0115882753929
-2.005e-06,0.0119600917166
-2e-06,0.00948131623077
-1.995e-06,0.00749829584164
-1.99e-06,0.00799405094068
-1.985e-06,0.010039040714
-1.98e-06,0.00923343868242
-1.975e-06,0.0107207039725
-1.97e-06,0.0124558468133
-1.965e-06,0.0118981223277
-1.96e-06,0.0123938774244
-1.955e-06,0.0107207039725
-1.95e-06,0.0116502447794
-1.945e-06,0.0103488876512
-1.94e-06,0.00817995910018
-1.935e-06,0.0105967651995
-1.93e-06,0.0102249488758
-1.925e-06,0.00972919377912
-1.92e-06,0.00867571419923
-1.915e-06,0.00892359174757
-1.91e-06,0.0107826733614
-1.905e-06,0.00892359174757
-1.9e-06,0.0102249488758
-1.895e-06,0.0118981223277
-1.89e-06,0.0102869182623
-1.885e-06,0.0109066121344
-1.88e-06,0.00960525500377
-1.875e-06,0.00910949990707
-1.87e-06,0.00972919377912
-1.865e-06,0.0109685815209
-1.86e-06,0.0120220611031
-1.855e-06,0.00910949990707
-1.85e-06,0.0103488876512
-1.845e-06,0.0115263060064
-1.84e-06,0.0114023672311
-1.835e-06,0.0130135712965
-1.83e-06,0.010658734586
-1.825e-06,0.00830389787553
-1.82e-06,0.00384210200292
-1.815e-06,0.00644481626174
-1.81e-06,0.0115263060064
-1.805e-06,0.0114643366176
-1.8e-06,0.0102249488758
-1.795e-06,0.00799405094068
-1.79e-06,0.00811798971368
-1.785e-06,0.00960525500377
-1.78e-06,0.00904753052057
-1.775e-06,0.00991510194096
-1.77e-06,0.00948131623077
-1.765e-06,0.00817995910018
-1.76e-06,0.0102869182623
-1.755e-06,0.0116502447794
-1.75e-06,0.0120220611031
-1.745e-06,0.00917146929592
-1.74e-06,0.00712647952029
-1.735e-06,0.0102869182623
-1.73e-06,0.0105347958107
-1.725e-06,0.0121459998761
-1.72e-06,0.0120220611031
-1.715e-06,0.00855177542388
-1.71e-06,0.00780814277883
-1.705e-06,0.00830389787553
-1.7e-06,0.00979116316562
-1.695e-06,0.00656875503474
-1.69e-06,0.00359422445457
-1.685e-06,0.00477164280981
-1.68e-06,0.00656875503474
-1.675e-06,0.0108446427479
-1.67e-06,0.0122699386514
-1.665e-06,0.0131375100718
-1.66e-06,0.0123938774244
-1.655e-06,0.00737435706864
-1.65e-06,0.00638284687524
-1.645e-06,0.00557724484135
-1.64e-06,0.00427588771311
-1.635e-06,0.00780814277883
-1.63e-06,0.00793208155183
-1.625e-06,0.00725041829329
-1.62e-06,0.00824192848903
-1.615e-06,0.00904753052057
-1.61e-06,0.00861374481038
-1.605e-06,0.00681663258544
-1.6e-06,0.00638284687524
-1.595e-06,0.00551527545485
-1.59e-06,0.00712647952029
-1.585e-06,0.00991510194096
-1.58e-06,0.00787011216533
-1.575e-06,0.00904753052057
-1.57e-06,0.00997707132746
-1.565e-06,0.00811798971368
-1.56e-06,0.00867571419923
-1.555e-06,0.00644481626174
-1.55e-06,0.00694057135844
-1.545e-06,0.0061969387134
-1.54e-06,0.0056392142302
-1.535e-06,0.00848980603738
-1.53e-06,0.00700254074494
-1.525e-06,0.0063208774864
-1.52e-06,0.00706451013379
-1.515e-06,0.00917146929592
-1.51e-06,0.00861374481038
-1.505e-06,0.00700254074494
-1.5e-06,0.00842783664853
-1.495e-06,0.00879965297222
-1.49e-06,0.00725041829329
-1.485e-06,0.00731238768214
-1.48e-06,0.00879965297222
-1.475e-06,0.00836586726203
-1.47e-06,0.00749829584164
-1.465e-06,0.00768420400348
-1.46e-06,0.00787011216533
-1.455e-06,0.00811798971368
-1.45e-06,0.0107826733614
-1.445e-06,0.00935737745542
-1.44e-06,0.00762223461698
-1.435e-06,0.00836586726203
-1.43e-06,0.0057011836167
-1.425e-06,0.0053913366795
-1.42e-06,0.00687860197194
-1.415e-06,0.00656875503474
-1.41e-06,0.00731238768214
-1.405e-06,0.00725041829329
-1.4e-06,0.00718844890679
-1.395e-06,0.005329367293
-1.39e-06,0.00433785709961
-1.385e-06,0.0061969387134
-1.38e-06,0.00669269381009
-1.375e-06,0.00787011216533
-1.37e-06,0.00694057135844
-1.365e-06,0.0052673979065
-1.36e-06,0.00545330606835
-1.355e-06,0.00266468364768
-1.35e-06,0.00297453058252
-1.345e-06,0.00384210200292
-1.34e-06,0.00408997955126
-1.335e-06,0.00545330606835
-1.33e-06,0.00458573464796
-1.325e-06,0.0062589080999
-1.32e-06,0.00669269381009
-1.315e-06,0.0062589080999
-1.31e-06,0.00780814277883
-1.305e-06,0.00594906116505
-1.3e-06,0.005329367293
-1.295e-06,0.0058251223897
-1.29e-06,0.00594906116505
-1.285e-06,0.00687860197194
-1.28e-06,0.00706451013379
-1.275e-06,0.00929540806892
-1.27e-06,0.00941934684427
-1.265e-06,0.00817995910018
-1.26e-06,0.00774617339233
-1.255e-06,0.00470967342331
-1.25e-06,0.0053913366795
-1.245e-06,0.00762223461698
-1.24e-06,0.00780814277883
-1.235e-06,0.00694057135844
-1.23e-06,0.00433785709961
-1.225e-06,0.0052673979065
-1.22e-06,0.00557724484135
-1.215e-06,0.0057631530032
-1.21e-06,0.00501952035816
-1.205e-06,0.00179711222728
-1.2e-06,0.00179711222728
-1.195e-06,0.00347028567922
-1.19e-06,0.00601103055155
-1.185e-06,0.00793208155183
-1.18e-06,0.00687860197194
-1.175e-06,0.00836586726203
-1.17e-06,0.00836586726203
-1.165e-06,0.0056392142302
-1.16e-06,0.00687860197194
-1.155e-06,0.00638284687524
-1.15e-06,0.00700254074494
-1.145e-06,0.00718844890679
-1.14e-06,0.00799405094068
-1.135e-06,0.00861374481038
-1.13e-06,0.00675466319659
-1.125e-06,0.00743632645514
-1.12e-06,0.0063208774864
-1.115e-06,0.00303649996902
-1.11e-06,0.00297453058252
-1.105e-06,0.00359422445457
-1.1e-06,0.0052673979065
-1.095e-06,0.00508148974466
-1.09e-06,0.00340831629272
-1.085e-06,0.00340831629272
-1.08e-06,0.00254074487233
-1.075e-06,0.00247877548583
-1.07e-06,0.00359422445457
-1.065e-06,0.00353225506807
-1.06e-06,0.00316043874437
-1.055e-06,0.00241680609933
-1.05e-06,0.00291256119602
-1.045e-06,0.00285059180952
-1.04e-06,0.00272665303418
-1.035e-06,0.00470967342331
-1.03e-06,0.00470967342331
-1.025e-06,0.00644481626174
-1.02e-06,0.00731238768214
-1.015e-06,0.00601103055155
-1.01e-06,0.0058251223897
-1.005e-06,0.00415194893776
-1e-06,0.00501952035816
-9.95e-07,0.00706451013379
-9.9e-07,0.00706451013379
-9.85e-07,0.0057631530032
-9.8e-07,0.00508148974466
-9.75e-07,0.00650678564824
-9.7e-07,0.00731238768214
-9.65e-07,0.00787011216533
-9.6e-07,0.0107826733614
-9.55e-07,0.00805602032718
-9.5e-07,0.00743632645514
-9.45e-07,0.00601103055155
-9.4e-07,0.00520542852001
-9.35e-07,0.00439982648611
-9.3e-07,0.00322240813087
-9.25e-07,0.00731238768214
-9.2e-07,0.00935737745542
-9.15e-07,0.00712647952029
-9.1e-07,0.0063208774864
-9.05e-07,0.0052673979065
-9e-07,0.00663072442359
-8.95e-07,0.00873768358573
-8.9e-07,0.00985313255447
-8.85e-07,0.00923343868242
-8.8e-07,0.00408997955126
-8.75e-07,0.0
-8.7e-07,0.000619693872044
-8.65e-07,0.00371816322757
-8.6e-07,0.00551527545485
-8.55e-07,0.00433785709961
-8.5e-07,0.00706451013379
-8.45e-07,0.00991510194096
-8.4e-07,0.0111544896827
-8.35e-07,0.0115882753929
-8.3e-07,0.00663072442359
-8.25e-07,0.00347028567922
-8.2e-07,0.00433785709961
-8.15e-07,0.00601103055155
-8.1e-07,0.00799405094068
-8.05e-07,0.00886162235872
-8e-07,0.00997707132746
-7.95e-07,0.00855177542388
-7.9e-07,0.00811798971368
-7.85e-07,0.00725041829329
-7.8e-07,0.00470967342331
-7.75e-07,0.0062589080999
-7.7e-07,0.00774617339233
-7.65e-07,0.00861374481038
-7.6e-07,0.0107207039725
-7.55e-07,0.00817995910018
-7.5e-07,0.00663072442359
-7.45e-07,0.00378013261642
-7.4e-07,0.00235483671048
-7.35e-07,0.00470967342331
-7.3e-07,0.00712647952029
-7.25e-07,0.00991510194096
-7.2e-07,0.00805602032718
-7.15e-07,0.0057631530032
-7.1e-07,0.00842783664853
-7.05e-07,0.0110305509097
-7e-07,0.0135712957797
-6.95e-07,0.0112164590692
-6.9e-07,0.00805602032718
-6.85e-07,0.00743632645514
-6.8e-07,0.00508148974466
-6.75e-07,0.00966722439262
-6.7e-07,0.01295160191
-6.65e-07,0.0140050814899
-6.6e-07,0.0131375100718
-6.55e-07,0.00972919377912
-6.5e-07,0.0114643366176
-6.45e-07,0.0111544896827
-6.4e-07,0.00898556113407
-6.35e-07,0.00929540806892
-6.3e-07,0.00762223461698
-6.25e-07,0.00799405094068
-6.2e-07,0.00768420400348
-6.15e-07,0.00694057135844
-6.1e-07,0.0061969387134
-6.05e-07,0.0058251223897
-6e-07,0.00749829584164
-5.95e-07,0.00787011216533
-5.9e-07,0.00799405094068
-5.85e-07,0.00817995910018
-5.8e-07,0.00588709177855
-5.75e-07,0.00718844890679
-5.7e-07,0.00830389787553
-5.65e-07,0.00768420400348
-5.6e-07,0.00836586726203
-5.55e-07,0.00675466319659
-5.5e-07,0.00867571419923
-5.45e-07,0.00910949990707
-5.4e-07,0.00774617339233
-5.35e-07,0.00873768358573
-5.3e-07,0.00972919377912
-5.25e-07,0.0107826733614
-5.2e-07,0.00935737745542
-5.15e-07,0.0109685815209
-5.1e-07,0.0118981223277
-5.05e-07,0.00917146929592
-5e-07,0.00700254074494
-4.95e-07,0.00601103055155
-4.9e-07,0.0057631530032
-4.85e-07,0.00731238768214
-4.8e-07,0.00663072442359
-4.75e-07,0.00867571419923
-4.7e-07,0.00929540806892
-4.65e-07,0.00811798971368
-4.6e-07,0.00935737745542
-4.55e-07,0.00979116316562
-4.5e-07,0.0112784284581
-4.45e-07,0.0102869182623
-4.4e-07,0.00972919377912
-4.35e-07,0.00991510194096
-4.3e-07,0.00873768358573
-4.25e-07,0.0109685815209
-4.2e-07,0.0109066121344
-4.15e-07,0.00855177542388
-4.1e-07,0.00960525500377
-4.05e-07,0.0102249488758
-4e-07,0.0111544896827
-3.95e-07,0.00948131623077
-3.9e-07,0.00749829584164
-3.85e-07,0.00681663258544
-3.8e-07,0.00904753052057
-3.75e-07,0.0123938774244
-3.7e-07,0.0101010101028
-3.65e-07,0.00898556113407
-3.6e-07,0.0115263060064
-3.55e-07,0.00780814277883
-3.5e-07,0.00743632645514
-3.45e-07,0.00706451013379
-3.4e-07,0.0053913366795
-3.35e-07,0.00675466319659
-3.3e-07,0.00669269381009
-3.25e-07,0.00917146929592
-3.2e-07,0.00910949990707
-3.15e-07,0.00694057135844
-3.1e-07,0.00520542852001
-3.05e-07,0.00235483671048
-3e-07,0.00328437751737
-2.95e-07,0.00520542852001
-2.9e-07,0.005329367293
-2.85e-07,0.00650678564824
-2.8e-07,0.00601103055155
-2.75e-07,0.00712647952029
-2.7e-07,0.00737435706864
-2.65e-07,0.00768420400348
-2.6e-07,0.00985313255447
-2.55e-07,0.00675466319659
-2.5e-07,0.0063208774864
-2.45e-07,0.00656875503474
-2.4e-07,0.00594906116505
-2.35e-07,0.00879965297222
-2.3e-07,0.00811798971368
-2.25e-07,0.00743632645514
-2.2e-07,0.00644481626174
-2.15e-07,0.0058251223897
-2.1e-07,0.00464770403446
-2.05e-07,0.00415194893776
-2e-07,0.00408997955126
-1.95e-07,0.00353225506807
-1.9e-07,0.005329367293
-1.85e-07,0.00817995910018
-1.8e-07,0.00861374481038
-1.75e-07,0.00935737745542
-1.7e-07,0.00663072442359
-1.65e-07,0.00297453058252
-1.6e-07,0.00594906116505
-1.55e-07,0.00762223461698
-1.5e-07,0.00737435706864
-1.45e-07,0.00706451013379
-1.4e-07,0.00774617339233
-1.35e-07,0.00669269381009
-1.3e-07,0.00371816322757
-1.25e-07,0.00607299993805
-1.2e-07,0.00700254074494
-1.15e-07,0.00328437751737
-1.1e-07,0.00378013261642
-1.05e-07,0.00477164280981
-1e-07,0.00514345913116
-9.5e-08,0.00508148974466
-9e-08,0.00396604077592
-8.5e-08,0.00371816322757
-8e-08,0.00334634690622
-7.5e-08,0.00464770403446
-7e-08,0.00353225506807
-6.5e-08,0.00229286732398
-6e-08,0.00278862242068
-5.5e-08,0.00185908161378
-5e-08,0.00483361219631
-4.5e-08,0.00749829584164
-4e-08,0.00762223461698
-3.5e-08,0.00687860197194
-3e-08,0.00433785709961
-2.5e-08,0.00347028567922
-2e-08,0.00266468364768
-1.5e-08,0.00204498977563
-1e-08,0.00173514284078
-5e-09,0.00173514284078
-0,0.00470967342331
5e-09,0.00501952035816
1e-08,0.00520542852001
1.5e-08,0.00656875503474
2e-08,0.00452376526146
2.5e-08,0.00458573464796
3e-08,0.0057631530032
3.5e-08,0.00402801016477
4e-08,0.00340831629272
4.5e-08,0.00297453058252
5e-08,0.00520542852001
5.5e-08,0.0053913366795
6e-08,0.0061969387134
6.5e-08,0.0053913366795
7e-08,0.00117741835524
7.5e-08,0.00111544896874
8e-08,0.00148726529244
8.5e-08,0.00340831629272
9e-08,0.00663072442359
9.5e-08,0.0057011836167
1e-07,0.00470967342331
1.05e-07,0.0057631530032
1.1e-07,0.00700254074494
1.15e-07,0.0061349693269
1.2e-07,0.00235483671048
1.25e-07,0.00111544896874
1.3e-07,0.00241680609933
1.35e-07,0.00303649996902
1.4e-07,0.00340831629272
1.45e-07,0.0053913366795
1.5e-07,0.00929540806892
1.55e-07,0.00923343868242
1.6e-07,0.00557724484135
1.65e-07,0.00464770403446
1.7e-07,0.00278862242068
1.75e-07,0.00477164280981
1.8e-07,0.00452376526146
1.85e-07,0.00402801016477
1.9e-07,0.00588709177855
1.95e-07,0.0061969387134
2e-07,0.00793208155183
2.05e-07,0.00601103055155
2.1e-07,0.00439982648611
2.15e-07,0.00712647952029
2.2e-07,0.00805602032718
2.25e-07,0.00966722439262
2.3e-07,0.0145008365866
2.35e-07,0.0198302038796
2.4e-07,0.0252835099479
2.45e-07,0.02844394869
2.5e-07,0.034516948628
2.55e-07,0.0408997955009
2.6e-07,0.0464150709558
2.65e-07,0.059118795315
2.7e-07,0.0692817748044
2.75e-07,0.0786391522598
2.8e-07,0.0878106215534
2.85e-07,0.0977876928808
2.9e-07,0.110553386627
2.95e-07,0.123381049761
3e-07,0.134907355768
3.05e-07,0.143335192416
3.1e-07,0.152444692323
3.15e-07,0.163909028941
3.2e-07,0.175001549235
3.25e-07,0.188386936855
3.3e-07,0.200347028569
3.35e-07,0.211439548863
3.4e-07,0.223771456901
3.45e-07,0.233314742518
3.5e-07,0.243229844457
3.55e-07,0.24986056888
3.6e-07,0.256677201463
3.65e-07,0.268885170726
3.7e-07,0.280473446119
3.75e-07,0.293425048027
3.8e-07,0.305880894838
3.85e-07,0.315610088617
3.9e-07,0.324657619137
3.95e-07,0.332589700689
4e-07,0.34417797608
4.05e-07,0.356509884118
4.1e-07,0.367788312573
4.15e-07,0.379686434901
4.2e-07,0.38854805726
4.25e-07,0.398896944909
4.3e-07,0.409927495818
4.35e-07,0.42126789366
4.4e-07,0.434777220054
4.45e-07,0.444258536282
4.5e-07,0.454793332095
4.55e-07,0.463097229968
4.6e-07,0.47189688294
4.65e-07,0.485220301172
4.7e-07,0.495259341886
4.75e-07,0.508025035632
4.8e-07,0.519675280411
4.85e-07,0.529776290511
4.9e-07,0.540620933259
4.95e-07,0.550102249488
5e-07,0.559273718784
5.05e-07,0.56856912685
5.1e-07,0.579351800212
5.15e-07,0.592303402119
5.2e-07,0.602466381606
5.25e-07,0.612443452934
5.3e-07,0.621243105906
5.35e-07,0.631530024168
5.4e-07,0.644047840366
5.45e-07,0.653529156596
5.5e-07,0.6650554626
5.55e-07,0.674412840056
5.6e-07,0.683212493028
5.65e-07,0.693127594967
5.7e-07,0.700501952035
5.75e-07,0.709239635619
5.8e-07,0.717667472267
5.85e-07,0.726962880336
5.9e-07,0.73594844147
5.95e-07,0.74239325773
6e-07,0.750759124992
6.05e-07,0.760674226933
6.1e-07,0.768296461547
6.15e-07,0.776290512486
6.2e-07,0.782363512424
6.25e-07,0.790543471524
6.3e-07,0.799343124496
6.35e-07,0.808576563176
6.4e-07,0.81607485902
6.45e-07,0.820288777344
6.5e-07,0.827167379314
6.55e-07,0.833426287414
6.6e-07,0.839065501642
6.65e-07,0.845758195452
6.7e-07,0.851211501518
6.75e-07,0.859019644294
6.8e-07,0.865092644232
6.85e-07,0.870545950301
6.9e-07,0.875317593108
6.95e-07,0.88089483795
7e-07,0.888145256243
7.05e-07,0.891305694987
7.1e-07,0.896325215343
7.15e-07,0.903699572412
7.2e-07,0.906983949929
7.25e-07,0.910020449898
7.3e-07,0.914730123319
7.35e-07,0.920865092644
7.4e-07,0.927247939516
7.45e-07,0.929045051744
7.5e-07,0.93301109252
7.55e-07,0.936543347585
7.6e-07,0.93970378633
7.65e-07,0.944723306686
7.7e-07,0.946892235234
7.75e-07,0.951787816817
7.8e-07,0.954886286175
7.85e-07,0.956559459627
7.9e-07,0.960463531014
7.95e-07,0.962818367727
8e-07,0.966970316662
8.05e-07,0.969139245213
8.1e-07,0.970812418665
8.15e-07,0.974468612504
8.2e-07,0.975955877796
8.25e-07,0.97886843899
8.3e-07,0.979859949183
8.35e-07,0.983454173638
8.4e-07,0.98704839809
8.45e-07,0.985747040962
8.5e-07,0.988225816445
8.55e-07,0.988473693994
8.6e-07,0.989279296027
8.65e-07,0.992501704158
8.7e-07,0.993245336803
8.75e-07,0.995476234739
8.8e-07,0.995352295966
8.85e-07,0.9956621429
8.9e-07,0.997521224514
8.95e-07,0.997397285741
9e-07,0.998698642869
9.05e-07,1.0
9.1e-07,0.999442275514
9.15e-07,0.998698642869
9.2e-07,0.996157897997
9.25e-07,0.997521224514
9.3e-07,0.99764516329
9.35e-07,0.99714940819
9.4e-07,0.998140918386
9.45e-07,0.997335316352
9.5e-07,0.998264857159
9.55e-07,0.996467744934
9.6e-07,0.996281836772
9.65e-07,0.997583193901
9.7e-07,0.994236846997
9.75e-07,0.994050938835
9.8e-07,0.993555183738
9.85e-07,0.991572163351
9.9e-07,0.991943979673
9.95e-07,0.991014438866
1e-06,0.990952469479
1.005e-06,0.989217326641
1.01e-06,0.985623102186
1.015e-06,0.98469356138
1.02e-06,0.982462663444
1.025e-06,0.981285245089
1.03e-06,0.980851459379
1.035e-06,0.977752990021
1.04e-06,0.976451632893
1.045e-06,0.975150275762
1.05e-06,0.974468612504
1.055e-06,0.970564541117
1.06e-06,0.966474561565
1.065e-06,0.966908347276
1.07e-06,0.963500030983
1.075e-06,0.960773377951
1.08e-06,0.957303092272
1.085e-06,0.95711718411
1.09e-06,0.955258102496
1.095e-06,0.94937101072
1.1e-06,0.945962694427
1.105e-06,0.944723306686
1.11e-06,0.942182561813
1.115e-06,0.939146061844
1.12e-06,0.936667286361
1.125e-06,0.935613806778
1.13e-06,0.931461857841
1.135e-06,0.927062031357
1.14e-06,0.924645225258
1.145e-06,0.921112970192
1.15e-06,0.920245398771
1.155e-06,0.916341327384
1.16e-06,0.911135898864
1.165e-06,0.909276817251
1.17e-06,0.905310776475
1.175e-06,0.903699572412
1.18e-06,0.899919439795
1.185e-06,0.893226745987
1.19e-06,0.890066307243
1.195e-06,0.888702980726
1.2e-06,0.888145256243
1.205e-06,0.883745429757
1.21e-06,0.879531511432
1.215e-06,0.877982276756
1.22e-06,0.874140174753
1.225e-06,0.870174133977
1.23e-06,0.865712338104
1.235e-06,0.861312511618
1.24e-06,0.859019644294
1.245e-06,0.854309970873
1.25e-06,0.852203011711
1.255e-06,0.847555307677
1.26e-06,0.843031542418
1.265e-06,0.841606246514
1.27e-06,0.838755654707
1.275e-06,0.838012022059
1.28e-06,0.834851583317
1.285e-06,0.828964491541
1.29e-06,0.823944971183
1.295e-06,0.821156348762
1.3e-06,0.819669083472
1.305e-06,0.815703042696
1.31e-06,0.812356695793
1.315e-06,0.809630042758
1.32e-06,0.805849910144
1.325e-06,0.80355704282
1.33e-06,0.800334634689
1.335e-06,0.797050257172
1.34e-06,0.795005267396
1.345e-06,0.790915287848
1.35e-06,0.787878787879
1.355e-06,0.784098655264
1.36e-06,0.782611389972
1.365e-06,0.780008675713
1.37e-06,0.774865216582
1.375e-06,0.772882196195
1.38e-06,0.768792216644
1.385e-06,0.765693747288
1.39e-06,0.764888145257
1.395e-06,0.762347400385
1.4e-06,0.761665737126
1.405e-06,0.759744686126
1.41e-06,0.757947573898
1.415e-06,0.754353349444
1.42e-06,0.748280349506
1.425e-06,0.747412778088
1.43e-06,0.746731114829
1.435e-06,0.744190369957
1.44e-06,0.744190369957
1.445e-06,0.741153869988
1.45e-06,0.738984941439
1.455e-06,0.735762533308
1.46e-06,0.732106339467
1.465e-06,0.731610584371
1.47e-06,0.729937410919
1.475e-06,0.729565594595
1.48e-06,0.726653033401
1.485e-06,0.722748962012
1.49e-06,0.721881390594
1.495e-06,0.720146247753
1.5e-06,0.720703972236
1.505e-06,0.718411104915
1.51e-06,0.715560513105
1.515e-06,0.714507033525
1.52e-06,0.712338104977
1.525e-06,0.712090227428
1.53e-06,0.712400074363
1.535e-06,0.710912809073
1.54e-06,0.709115696846
1.545e-06,0.707008737684
1.55e-06,0.705459503005
1.555e-06,0.702546941811
1.56e-06,0.701059676519
1.565e-06,0.702484972424
1.57e-06,0.701555431618
1.575e-06,0.701369523456
1.58e-06,0.698209084711
1.585e-06,0.696473941873
1.59e-06,0.697589390842
1.595e-06,0.696288033711
1.6e-06,0.696350003098
1.605e-06,0.694552890873
1.61e-06,0.694490921484
1.615e-06,0.695420462291
1.62e-06,0.693375472517
1.625e-06,0.69306562558
1.63e-06,0.69263183987
1.635e-06,0.690586850097
1.64e-06,0.690834727645
1.645e-06,0.688170043997
1.65e-06,0.688665799094
1.655e-06,0.687054595029
1.66e-06,0.685815207287
1.665e-06,0.688355952159
1.67e-06,0.688170043997
1.675e-06,0.689781248063
1.68e-06,0.690338972548
1.685e-06,0.688665799094
1.69e-06,0.686620809321
1.695e-06,0.684204003221
1.7e-06,0.685505360352
1.705e-06,0.684761727707
1.71e-06,0.68531945219
1.715e-06,0.686248992997
1.72e-06,0.683026584866
1.725e-06,0.684142033835
1.73e-06,0.685505360352
1.735e-06,0.683150523642
1.74e-06,0.682220982835
1.745e-06,0.682406890997
1.75e-06,0.683212493028
1.755e-06,0.682282952221
1.76e-06,0.681353411414
1.765e-06,0.682902646093
1.77e-06,0.682406890997
1.775e-06,0.683212493028
1.78e-06,0.682097044059
1.785e-06,0.680175993059
1.79e-06,0.681167503252
1.795e-06,0.681601288963
1.8e-06,0.683460370576
1.805e-06,0.682778707318
1.81e-06,0.681849166511
1.815e-06,0.683336431803
1.82e-06,0.683274462415
1.825e-06,0.682220982835
1.83e-06,0.681973105286
1.835e-06,0.682902646093
1.84e-06,0.685009605255
1.845e-06,0.683212493028
1.85e-06,0.684575819545
1.855e-06,0.685071574642
1.86e-06,0.686248992997
1.865e-06,0.688789737869
1.87e-06,0.687364441966
1.875e-06,0.687922166449
1.88e-06,0.687984135836
1.885e-06,0.686001115449
1.89e-06,0.684947635867
1.895e-06,0.684637788932
1.9e-06,0.685567329739
1.905e-06,0.686930656256
1.91e-06,0.687860197063
1.915e-06,0.689285492966
1.92e-06,0.688232013386
1.925e-06,0.690029125611
1.93e-06,0.690153064387
1.935e-06,0.689781248063
1.94e-06,0.691392452128
1.945e-06,0.687302472579
1.95e-06,0.686248992997
1.955e-06,0.688108074611
1.96e-06,0.690338972548
1.965e-06,0.692693809259
1.97e-06,0.692941686807
1.975e-06,0.691888207225
1.98e-06,0.688665799094
1.985e-06,0.689409431741
1.99e-06,0.691764268452
1.995e-06,0.69157836029
2e-06,0.691516390904
2.005e-06,0.690834727645
2.01e-06,0.69219805416
2.015e-06,0.69306562558
2.02e-06,0.69219805416
2.025e-06,0.693375472517
2.03e-06,0.694305013322
2.035e-06,0.694924707194
2.04e-06,0.695730309228
2.045e-06,0.692941686807
2.05e-06,0.692507901097
2.055e-06,0.693375472517
2.06e-06,0.695110615356
2.065e-06,0.695296523518
2.07e-06,0.693623350066
2.075e-06,0.694366982711
2.08e-06,0.693561380677
2.085e-06,0.695234554129
2.09e-06,0.698209084711
2.095e-06,0.69696969697
2.1e-06,0.696288033711
2.105e-06,0.694738799032
2.11e-06,0.694243043935
2.115e-06,0.696473941873
2.12e-06,0.698085145938
2.125e-06,0.698704839808
2.13e-06,0.699076656132
2.135e-06,0.698766809197
2.14e-06,0.699076656132
2.145e-06,0.697465452066
2.15e-06,0.697961207163
2.155e-06,0.698642870422
2.16e-06,0.700068166325
2.165e-06,0.701555431618
2.17e-06,0.698704839808
2.175e-06,0.700439982649
2.18e-06,0.702113156101
2.185e-06,0.701307554067
2.19e-06,0.699386503067
2.195e-06,0.697713329615
2.2e-06,0.699262564294
2.205e-06,0.700130135712
2.21e-06,0.700254074487
2.215e-06,0.70081179897
2.22e-06,0.700501952035
2.225e-06,0.700501952035
2.23e-06,0.699882258163
2.235e-06,0.698766809197
2.24e-06,0.69975831939
2.245e-06,0.698642870422
2.25e-06,0.699200594905
2.255e-06,0.698704839808
2.26e-06,0.698394992873
2.265e-06,0.700006196939
2.27e-06,0.699386503067
2.275e-06,0.700625890811
2.28e-06,0.700130135712
2.285e-06,0.699820288777
2.29e-06,0.702484972424
2.295e-06,0.700749829584
2.3e-06,0.698394992873
2.305e-06,0.697465452066
2.31e-06,0.697031666356
2.315e-06,0.698580901035
2.32e-06,0.698147115325
2.325e-06,0.699448472455
2.33e-06,0.700130135712
2.335e-06,0.700130135712
2.34e-06,0.70081179897
2.345e-06,0.69802317655
2.35e-06,0.698704839808
2.355e-06,0.698766809197
2.36e-06,0.69783726839
2.365e-06,0.699820288777
2.37e-06,0.699200594905
2.375e-06,0.700254074487
2.38e-06,0.699076656132
2.385e-06,0.697155605131
2.39e-06,0.697713329615
2.395e-06,0.699386503067
2.4e-06,0.701431492842
2.405e-06,0.698828778583
2.41e-06,0.697961207163
2.415e-06,0.699014686745
2.42e-06,0.697341513291
2.425e-06,0.699696350004
2.43e-06,0.699820288777
2.435e-06,0.699448472455
2.44e-06,0.699510441842
2.445e-06,0.696226064325
2.45e-06,0.695792278614
2.455e-06,0.696226064325
2.46e-06,0.697961207163
2.465e-06,0.701121645907
2.47e-06,0.699510441842
2.475e-06,0.698704839808
2.48e-06,0.696721819421
2.485e-06,0.696473941873
2.49e-06,0.698147115325
2.495e-06,0.695110615356
2.5e-06,0.694676829646
2.505e-06,0.695234554129
2.51e-06,0.69498667658
2.515e-06,0.69783726839
2.52e-06,0.696783788808
2.525e-06,0.696040156163
2.53e-06,0.693871227614
2.535e-06,0.692136084773
2.54e-06,0.69498667658
2.545e-06,0.694800768421
2.55e-06,0.694366982711
2.555e-06,0.692817748032
2.56e-06,0.693747288839
2.565e-06,0.694676829646
2.57e-06,0.690958666418
2.575e-06,0.691516390904
2.58e-06,0.691206543966
2.585e-06,0.692074115387
2.59e-06,0.694366982711
2.595e-06,0.69263183987
2.6e-06,0.69219805416
2.605e-06,0.692321992935
2.61e-06,0.692569870484
2.615e-06,0.692383962322
2.62e-06,0.69027700316
2.625e-06,0.692817748032
2.63e-06,0.693809258225
2.635e-06,0.692693809259
2.64e-06,0.692136084773
2.645e-06,0.689595339901
2.65e-06,0.690091094998
2.655e-06,0.691392452128
2.66e-06,0.69306562558
2.665e-06,0.694057135774
2.67e-06,0.692507901097
2.675e-06,0.692755778645
2.68e-06,0.691950176611
2.685e-06,0.691764268452
2.69e-06,0.69114457458
2.695e-06,0.688170043997
2.7e-06,0.690400941935
2.705e-06,0.691082605193
2.71e-06,0.689905186838
2.715e-06,0.69027700316
2.72e-06,0.687612319514
2.725e-06,0.688975646031
2.73e-06,0.690462911321
2.735e-06,0.688603829708
2.74e-06,0.688913676642
2.745e-06,0.687984135836
2.75e-06,0.689843217449
2.755e-06,0.690400941935
2.76e-06,0.689161554191
2.765e-06,0.688727768483
2.77e-06,0.687488380739
2.775e-06,0.688913676642
2.78e-06,0.688417921546
2.785e-06,0.687364441966
2.79e-06,0.689037615418
2.795e-06,0.688665799094
2.8e-06,0.689347462353
2.805e-06,0.68922352358
2.81e-06,0.688665799094
2.815e-06,0.68922352358
2.82e-06,0.688417921546
2.825e-06,0.68965730929
2.83e-06,0.689099584804
2.835e-06,0.688851707256
2.84e-06,0.688665799094
2.845e-06,0.686248992997
2.85e-06,0.687674288901
2.855e-06,0.687488380739
2.86e-06,0.685691268514
2.865e-06,0.685381421577
2.87e-06,0.685505360352
2.875e-06,0.688665799094
2.88e-06,0.686682778707
2.885e-06,0.684204003221
2.89e-06,0.685691268514
2.895e-06,0.685009605255
2.9e-06,0.68531945219
2.905e-06,0.686372931772
2.91e-06,0.687798227676
2.915e-06,0.688727768483
2.92e-06,0.685815207287
2.925e-06,0.685629299125
2.93e-06,0.686063084835
2.935e-06,0.687798227676
2.94e-06,0.688975646031
2.945e-06,0.687116564418
2.95e-06,0.689967156225
2.955e-06,0.690400941935
2.96e-06,0.686187023611
2.965e-06,0.686558839932
2.97e-06,0.687364441966
2.975e-06,0.688541860321
2.98e-06,0.689161554191
2.985e-06,0.689719278676
2.99e-06,0.69071078887
2.995e-06,0.688851707256
3e-06,0.686868686869
3.005e-06,0.685567329739
3.01e-06,0.686310962384
3.015e-06,0.688913676642
3.02e-06,0.687674288901
3.025e-06,0.686930656256
3.03e-06,0.686620809321
3.035e-06,0.687240503191
3.04e-06,0.688355952159
3.045e-06,0.687116564418
3.05e-06,0.687798227676
3.055e-06,0.687612319514
3.06e-06,0.689285492966
3.065e-06,0.692074115387
3.07e-06,0.690091094998
3.075e-06,0.689409431741
3.08e-06,0.688293982773
3.085e-06,0.688727768483
3.09e-06,0.688789737869
3.095e-06,0.686558839932
3.1e-06,0.688232013386
3.105e-06,0.689037615418
3.11e-06,0.688975646031
3.115e-06,0.689285492966
3.12e-06,0.687302472579
3.125e-06,0.689099584804
3.13e-06,0.688913676642
3.135e-06,0.688232013386
3.14e-06,0.691020635805
3.145e-06,0.690091094998
3.15e-06,0.690091094998
3.155e-06,0.68922352358
3.16e-06,0.690462911321
3.165e-06,0.691888207225
3.17e-06,0.689285492966
3.175e-06,0.690153064387
3.18e-06,0.688727768483
3.185e-06,0.68922352358
3.19e-06,0.691950176611
3.195e-06,0.691330482742
3.2e-06,0.690153064387
3.205e-06,0.690091094998
3.21e-06,0.691454421515
3.215e-06,0.69263183987
3.22e-06,0.689347462353
3.225e-06,0.68965730929
3.23e-06,0.690153064387
3.235e-06,0.690338972548
3.24e-06,0.691206543966
3.245e-06,0.68965730929
3.25e-06,0.689409431741
3.255e-06,0.689533370514
3.26e-06,0.689595339901
3.265e-06,0.69157836029
3.27e-06,0.690400941935
3.275e-06,0.691702299063
3.28e-06,0.692569870484
3.285e-06,0.69157836029
3.29e-06,0.693809258225
3.295e-06,0.693747288839
3.3e-06,0.691020635805
3.305e-06,0.688293982773
3.31e-06,0.691082605193
3.315e-06,0.693747288839
3.32e-06,0.690338972548
3.325e-06,0.691268513355
3.33e-06,0.693933197001
3.335e-06,0.695606370453
3.34e-06,0.695978186776
3.345e-06,0.692445931711
3.35e-06,0.691826237838
3.355e-06,0.693127594967
3.36e-06,0.694428952097
3.365e-06,0.693871227614
3.37e-06,0.690896697032
3.375e-06,0.691950176611
3.38e-06,0.691950176611
3.385e-06,0.692321992935
3.39e-06,0.69306562558
3.395e-06,0.69349941129
3.4e-06,0.695420462291
3.405e-06,0.694119105162
3.41e-06,0.694490921484
3.415e-06,0.695854248001
3.42e-06,0.692074115387
3.425e-06,0.690834727645
3.43e-06,0.691888207225
3.435e-06,0.691826237838
3.44e-06,0.693375472517
3.445e-06,0.693747288839
3.45e-06,0.693933197001
3.455e-06,0.692755778645
3.46e-06,0.693809258225
3.465e-06,0.695048645969
3.47e-06,0.692693809259
3.475e-06,0.691764268452
3.48e-06,0.689099584804
3.485e-06,0.691392452128
3.49e-06,0.694924707194
3.495e-06,0.696226064325
3.5e-06,0.697527421453
3.505e-06,0.694676829646
3.51e-06,0.692569870484
3.515e-06,0.693127594967
3.52e-06,0.692941686807
3.525e-06,0.694862737807
3.53e-06,0.695172584742
3.535e-06,0.694862737807
3.54e-06,0.694738799032
3.545e-06,0.694738799032
3.55e-06,0.697961207163
3.555e-06,0.696659850035
3.56e-06,0.69263183987
3.565e-06,0.693313503129
3.57e-06,0.693995166387
3.575e-06,0.696783788808
3.58e-06,0.696659850035
3.585e-06,0.695854248001
3.59e-06,0.694800768421
3.595e-06,0.68965730929
3.6e-06,0.687054595029
3.605e-06,0.68922352358
3.61e-06,0.696102125549
3.615e-06,0.701927247939
3.62e-06,0.698394992873
3.625e-06,0.697341513291
3.63e-06,0.702732849973
3.635e-06,0.705335564232
3.64e-06,0.704034207101
3.645e-06,0.698271054098
3.65e-06,0.692260023549
3.655e-06,0.687364441966
3.66e-06,0.691268513355
3.665e-06,0.696535911259
3.67e-06,0.691764268452
3.675e-06,0.689595339901
3.68e-06,0.688603829708
3.685e-06,0.695854248001
3.69e-06,0.701679370391
3.695e-06,0.698394992873
3.7e-06,0.69889074797
3.705e-06,0.701369523456
3.71e-06,0.702423003036
3.715e-06,0.70081179897
3.72e-06,0.697155605131
3.725e-06,0.694119105162
3.73e-06,0.688603829708
3.735e-06,0.689037615418
3.74e-06,0.696102125549
3.745e-06,0.695854248001
3.75e-06,0.697961207163
3.755e-06,0.701679370391
3.76e-06,0.70558344178
3.765e-06,0.707876309104
3.77e-06,0.70750449278
3.775e-06,0.708434033587
3.78e-06,0.703724360166
3.785e-06,0.694552890873
3.79e-06,0.692136084773
3.795e-06,0.692879717418
3.8e-06,0.697031666356
3.805e-06,0.69802317655
3.81e-06,0.695358492904
3.815e-06,0.694119105162
3.82e-06,0.695668339839
3.825e-06,0.701555431618
3.83e-06,0.703786329553
3.835e-06,0.701617401004
3.84e-06,0.698394992873
3.845e-06,0.696597880646
3.85e-06,0.700687860197
3.855e-06,0.702608911197
3.86e-06,0.70081179897
3.865e-06,0.699138625518
3.87e-06,0.698394992873
3.875e-06,0.700068166325
3.88e-06,0.701121645907
3.885e-06,0.701493462229
3.89e-06,0.70081179897
3.895e-06,0.698394992873
3.9e-06,0.69889074797
3.905e-06,0.700997707132
3.91e-06,0.701679370391
3.915e-06,0.701865278552
3.92e-06,0.698952717356
3.925e-06,0.69696969697
3.93e-06,0.697031666356
3.935e-06,0.69975831939
3.94e-06,0.701803309166
3.945e-06,0.699386503067
3.95e-06,0.698394992873
3.955e-06,0.696473941873
3.96e-06,0.697279543904
3.965e-06,0.704034207101
3.97e-06,0.704591931587
3.975e-06,0.701989217325
3.98e-06,0.698085145938
3.985e-06,0.697217574518
3.99e-06,0.698580901035
3.995e-06,0.69932453368
4e-06,0.700563921422
4.005e-06,0.698704839808
4.01e-06,0.699448472455
4.015e-06,0.702980727521
4.02e-06,0.703724360166
4.025e-06,0.705273594843
4.03e-06,0.704901778521
4.035e-06,0.704096176488
4.04e-06,0.703414513229
4.045e-06,0.699076656132
4.05e-06,0.698333023487
4.055e-06,0.697465452066
4.06e-06,0.697155605131
4.065e-06,0.696783788808
4.07e-06,0.695234554129
4.075e-06,0.698518931649
4.08e-06,0.699510441842
4.085e-06,0.699944227552
4.09e-06,0.701927247939
4.095e-06,0.701741339777
4.1e-06,0.702423003036
4.105e-06,0.702361033649
4.11e-06,0.699696350004
4.115e-06,0.69783726839
4.12e-06,0.696350003098
4.125e-06,0.696411972486
4.13e-06,0.697217574518
4.135e-06,0.697465452066
4.14e-06,0.698704839808
4.145e-06,0.696845758194
4.15e-06,0.699262564294
4.155e-06,0.701183615294
4.16e-06,0.701803309166
4.165e-06,0.704963747908
4.17e-06,0.704529962198
4.175e-06,0.703352543843
4.18e-06,0.70081179897
4.185e-06,0.69932453368
4.19e-06,0.699696350004
4.195e-06,0.695792278614
4.2e-06,0.693809258225
4.205e-06,0.694366982711
4.21e-06,0.69306562558
4.215e-06,0.692879717418
4.22e-06,0.693685319452
4.225e-06,0.696350003098
4.23e-06,0.697527421453
4.235e-06,0.698642870422
4.24e-06,0.701989217325
4.245e-06,0.70037801326
4.25e-06,0.7001921051
4.255e-06,0.699882258163
4.26e-06,0.69932453368
4.265e-06,0.698394992873
4.27e-06,0.696040156163
4.275e-06,0.69696969697
4.28e-06,0.697775299001
4.285e-06,0.696535911259
4.29e-06,0.696659850035
4.295e-06,0.696102125549
4.3e-06,0.698333023487
4.305e-06,0.696845758194
4.31e-06,0.69696969697
4.315e-06,0.698394992873
4.32e-06,0.696535911259
4.325e-06,0.697217574518
4.33e-06,0.697093635743
4.335e-06,0.694924707194
4.34e-06,0.693251533742
4.345e-06,0.692383962322
4.35e-06,0.694614860259
4.355e-06,0.693685319452
4.36e-06,0.691888207225
4.365e-06,0.692693809259
4.37e-06,0.692569870484
4.375e-06,0.693995166387
4.38e-06,0.693995166387
4.385e-06,0.693685319452
4.39e-06,0.694181074549
4.395e-06,0.694181074549
4.4e-06,0.697155605131
4.405e-06,0.696164094936
4.41e-06,0.694862737807
4.415e-06,0.695916217387
4.42e-06,0.692755778645
4.425e-06,0.690338972548
4.43e-06,0.688541860321
4.435e-06,0.688232013386
4.44e-06,0.690153064387
4.445e-06,0.689409431741
4.45e-06,0.69157836029
4.455e-06,0.692012146
4.46e-06,0.691888207225
4.465e-06,0.69219805416
4.47e-06,0.690958666418
4.475e-06,0.692569870484
4.48e-06,0.693251533742
4.485e-06,0.692074115387
4.49e-06,0.691454421515
4.495e-06,0.689347462353
4.5e-06,0.689533370514
4.505e-06,0.689409431741
4.51e-06,0.68922352358
4.515e-06,0.688789737869
4.52e-06,0.686125054222
4.525e-06,0.687736258287
4.53e-06,0.689533370514
4.535e-06,0.690029125611
4.54e-06,0.692074115387
4.545e-06,0.690215033773
4.55e-06,0.690524880708
4.555e-06,0.68965730929
4.56e-06,0.687922166449
4.565e-06,0.688541860321
4.57e-06,0.687736258287
4.575e-06,0.687922166449
4.58e-06,0.685257482804
4.585e-06,0.686063084835
4.59e-06,0.688975646031
4.595e-06,0.687922166449
4.6e-06,0.688603829708
4.605e-06,0.687302472579
4.61e-06,0.686125054222
4.615e-06,0.687922166449
4.62e-06,0.685939146062
4.625e-06,0.685133544028
4.63e-06,0.686868686869
4.635e-06,0.686372931772
4.64e-06,0.686682778707
4.645e-06,0.686682778707
4.65e-06,0.686930656256
4.655e-06,0.685691268514
4.66e-06,0.686620809321
4.665e-06,0.687302472579
4.67e-06,0.684761727707
4.675e-06,0.686682778707
4.68e-06,0.687302472579
4.685e-06,0.687550350128
4.69e-06,0.688665799094
4.695e-06,0.689037615418
4.7e-06,0.691206543966
4.705e-06,0.68965730929
4.71e-06,0.689285492966
4.715e-06,0.689533370514
4.72e-06,0.687426411352
4.725e-06,0.6857532379
4.73e-06,0.684327941997
4.735e-06,0.684823697094
4.74e-06,0.687550350128
4.745e-06,0.685257482804
4.75e-06,0.686001115449
4.755e-06,0.688603829708
4.76e-06,0.686992625642
4.765e-06,0.686620809321
4.77e-06,0.686372931772
4.775e-06,0.688046105224
4.78e-06,0.688293982773
4.785e-06,0.686434901159
4.79e-06,0.687550350128
4.795e-06,0.688046105224
4.8e-06,0.688789737869
4.805e-06,0.687178533804
4.81e-06,0.686558839932
4.815e-06,0.688603829708
4.82e-06,0.688603829708
4.825e-06,0.688355952159
4.83e-06,0.688727768483
4.835e-06,0.690215033773
4.84e-06,0.690215033773
4.845e-06,0.686434901159
4.85e-06,0.687302472579
4.855e-06,0.688541860321
4.86e-06,0.687364441966
4.865e-06,0.686744748094
4.87e-06,0.684637788932
4.875e-06,0.686930656256
4.88e-06,0.686558839932
4.885e-06,0.684823697094
4.89e-06,0.686063084835
4.895e-06,0.686620809321
4.9e-06,0.687984135836
4.905e-06,0.686125054222
4.91e-06,0.686620809321
4.915e-06,0.688108074611
4.92e-06,0.687178533804
4.925e-06,0.687922166449
4.93e-06,0.687984135836
4.935e-06,0.688789737869
4.94e-06,0.690400941935
4.945e-06,0.687984135836
4.95e-06,0.688727768483
4.955e-06,0.688046105224
4.96e-06,0.687922166449
4.965e-06,0.690896697032
4.97e-06,0.691454421515
4.975e-06,0.69027700316
4.98e-06,0.686682778707
4.985e-06,0.688665799094
4.99e-06,0.68965730929
4.995e-06,0.688232013386
