x-axis,2,3,4
second,Volt,Volt,Volt
+980.5000000E-06,-442.2110505402E-03,+462.3115528375E-03,-1.5703216195E-03
+980.5010000E-06,-440.9547691466E-03,+462.3115528375E-03,-1.5703216195E-03
+980.5020000E-06,-422.1105482429E-03,+462.3115528375E-03,-1.5703216195E-03
+980.5030000E-06,-440.9547691466E-03,+462.3115528375E-03,-1.5703216195E-03
+980.5040000E-06,-442.2110505402E-03,+442.2110505402E-03,-1.5703216195E-03
+980.5050000E-06,-481.1557737412E-03,+402.0100459456E-03,-39.2587634269E-03
+980.5060000E-06,-501.2562760385E-03,+321.6080367565E-03,-1.5703216195E-03
+980.5070000E-06,-521.3567783358E-03,+221.1055252701E-03,-1.5703216195E-03
+980.5080000E-06,-522.6130597293E-03,+80.4020091891E-03,-1.5703216195E-03
+980.5090000E-06,-522.6130597293E-03,-59.0452254983E-03,-1.5703216195E-03
+980.5100000E-06,-502.5125574321E-03,-179.6482392820E-03,-1.5703216195E-03
+980.5110000E-06,-482.4120551348E-03,-280.1507507684E-03,-1.5703216195E-03
+980.5120000E-06,-462.3115528375E-03,-360.5527599575E-03,-1.5703216195E-03
+980.5130000E-06,-462.3115528375E-03,-400.7537645521E-03,-1.5703216195E-03
+980.5140000E-06,-462.3115528375E-03,-440.9547691466E-03,-1.5703216195E-03
+980.5150000E-06,-462.3115528375E-03,-461.0552714439E-03,-1.5703216195E-03
+980.5160000E-06,-481.1557737412E-03,-481.1557737412E-03,-1.5703216195E-03
+980.5170000E-06,-482.4120551348E-03,-482.4120551348E-03,-1.5703216195E-03
+980.5180000E-06,-462.3115528375E-03,-482.4120551348E-03,-1.5703216195E-03
+980.5190000E-06,-462.3115528375E-03,-482.4120551348E-03,-1.5703216195E-03
+980.5200000E-06,-481.1557737412E-03,-501.2562760385E-03,-1.5703216195E-03
+980.5210000E-06,-482.4120551348E-03,-482.4120551348E-03,-39.2587634269E-03
+980.5220000E-06,-482.4120551348E-03,-482.4120551348E-03,-41.7713262141E-03
+980.5230000E-06,-482.4120551348E-03,-482.4120551348E-03,-41.7713262141E-03
+980.5240000E-06,-482.4120551348E-03,-482.4120551348E-03,-41.7713262141E-03
+980.5250000E-06,-462.3115528375E-03,-482.4120551348E-03,-41.7713262141E-03
+980.5260000E-06,-462.3115528375E-03,-501.2562760385E-03,-41.7713262141E-03
+980.5270000E-06,-462.3115528375E-03,-502.5125574321E-03,-41.7713262141E-03
+980.5280000E-06,-462.3115528375E-03,-521.3567783358E-03,-41.7713262141E-03
+980.5290000E-06,-481.1557737412E-03,-522.6130597293E-03,-41.7713262141E-03
+980.5300000E-06,-482.4120551348E-03,-522.6130597293E-03,-1.5703216195E-03
+980.5310000E-06,-482.4120551348E-03,-522.6130597293E-03,-1.5703216195E-03
+980.5320000E-06,-482.4120551348E-03,-522.6130597293E-03,-1.5703216195E-03
+980.5330000E-06,-482.4120551348E-03,-502.5125574321E-03,-39.2587634269E-03
+980.5340000E-06,-482.4120551348E-03,-502.5125574321E-03,-41.7713262141E-03
+980.5350000E-06,-482.4120551348E-03,-462.3115528375E-03,-41.7713262141E-03
+980.5360000E-06,-482.4120551348E-03,-462.3115528375E-03,-1.5703216195E-03
+980.5370000E-06,-482.4120551348E-03,-462.3115528375E-03,-1.5703216195E-03
+980.5380000E-06,-482.4120551348E-03,-481.1557737412E-03,-1.5703216195E-03
+980.5390000E-06,-482.4120551348E-03,-482.4120551348E-03,-1.5703216195E-03
+980.5400000E-06,-482.4120551348E-03,-501.2562760385E-03,-1.5703216195E-03
+980.5410000E-06,-482.4120551348E-03,-521.3567783358E-03,-39.2587634269E-03
+980.5420000E-06,-482.4120551348E-03,-522.6130597293E-03,-1.5703216195E-03
+980.5430000E-06,-482.4120551348E-03,-522.6130597293E-03,-39.2587634269E-03
+980.5440000E-06,-482.4120551348E-03,-522.6130597293E-03,-41.7713262141E-03
+980.5450000E-06,-482.4120551348E-03,-522.6130597293E-03,-41.7713262141E-03
+980.5460000E-06,-482.4120551348E-03,-522.6130597293E-03,-41.7713262141E-03
+980.5470000E-06,-501.2562760385E-03,-502.5125574321E-03,-1.5703216195E-03
+980.5480000E-06,-482.4120551348E-03,-502.5125574321E-03,-1.5703216195E-03
+980.5490000E-06,-482.4120551348E-03,-482.4120551348E-03,-1.5703216195E-03
+980.5500000E-06,-482.4120551348E-03,-482.4120551348E-03,-1.5703216195E-03
+980.5510000E-06,-482.4120551348E-03,-501.2562760385E-03,-1.5703216195E-03
+980.5520000E-06,-482.4120551348E-03,-502.5125574321E-03,-1.5703216195E-03
+980.5530000E-06,-501.2562760385E-03,-521.3567783358E-03,-1.5703216195E-03
+980.5540000E-06,-502.5125574321E-03,-522.6130597293E-03,-1.5703216195E-03
+980.5550000E-06,-502.5125574321E-03,-522.6130597293E-03,-1.5703216195E-03
+980.5560000E-06,-502.5125574321E-03,-502.5125574321E-03,-1.5703216195E-03
+980.5570000E-06,-502.5125574321E-03,-502.5125574321E-03,-39.2587634269E-03
+980.5580000E-06,-482.4120551348E-03,-502.5125574321E-03,-1.5703216195E-03
+980.5590000E-06,-482.4120551348E-03,-482.4120551348E-03,-1.5703216195E-03
+980.5600000E-06,-482.4120551348E-03,-501.2562760385E-03,-1.5703216195E-03
+980.5610000E-06,-501.2562760385E-03,-502.5125574321E-03,-1.5703216195E-03
+980.5620000E-06,-502.5125574321E-03,-502.5125574321E-03,-1.5703216195E-03
+980.5630000E-06,-502.5125574321E-03,-502.5125574321E-03,-1.5703216195E-03
+980.5640000E-06,-482.4120551348E-03,-521.3567783358E-03,-1.5703216195E-03
+980.5650000E-06,-482.4120551348E-03,-522.6130597293E-03,-39.2587634269E-03
+980.5660000E-06,-482.4120551348E-03,-522.6130597293E-03,-1.5703216195E-03
+980.5670000E-06,-482.4120551348E-03,-502.5125574321E-03,-39.2587634269E-03
+980.5680000E-06,-482.4120551348E-03,-521.3567783358E-03,-1.5703216195E-03
+980.5690000E-06,-482.4120551348E-03,-522.6130597293E-03,-39.2587634269E-03
+980.5700000E-06,-482.4120551348E-03,-502.5125574321E-03,-41.7713262141E-03
+980.5710000E-06,-482.4120551348E-03,-502.5125574321E-03,-41.7713262141E-03
+980.5720000E-06,-501.2562760385E-03,-502.5125574321E-03,-41.7713262141E-03
+980.5730000E-06,-482.4120551348E-03,-502.5125574321E-03,-41.7713262141E-03
+980.5740000E-06,-482.4120551348E-03,-502.5125574321E-03,-41.7713262141E-03
+980.5750000E-06,-482.4120551348E-03,-502.5125574321E-03,-1.5703216195E-03
+980.5760000E-06,-482.4120551348E-03,-502.5125574321E-03,-1.5703216195E-03
+980.5770000E-06,-482.4120551348E-03,-502.5125574321E-03,-39.2587634269E-03
+980.5780000E-06,-482.4120551348E-03,-521.3567783358E-03,-41.7713262141E-03
+980.5790000E-06,-501.2562760385E-03,-502.5125574321E-03,-1.5703216195E-03
+980.5800000E-06,-502.5125574321E-03,-502.5125574321E-03,-39.2587634269E-03
+980.5810000E-06,-482.4120551348E-03,-502.5125574321E-03,-41.7713262141E-03
+980.5820000E-06,-482.4120551348E-03,-502.5125574321E-03,-1.5703216195E-03
+980.5830000E-06,-482.4120551348E-03,-502.5125574321E-03,-1.5703216195E-03
+980.5840000E-06,-482.4120551348E-03,-502.5125574321E-03,-1.5703216195E-03
+980.5850000E-06,-482.4120551348E-03,-502.5125574321E-03,-1.5703216195E-03
+980.5860000E-06,-462.3115528375E-03,-502.5125574321E-03,-1.5703216195E-03
+980.5870000E-06,-422.1105482429E-03,-502.5125574321E-03,-1.5703216195E-03
+980.5880000E-06,-341.7085390538E-03,-521.3567783358E-03,-1.5703216195E-03
+980.5890000E-06,-221.1055252701E-03,-522.6130597293E-03,-39.2587634269E-03
+980.5900000E-06,-80.4020091891E-03,-522.6130597293E-03,-41.7713262141E-03
+980.5910000E-06,+38.9447232010E-03,-522.6130597293E-03,-41.7713262141E-03
+980.5920000E-06,+159.5477369847E-03,-522.6130597293E-03,-41.7713262141E-03
+980.5930000E-06,+260.0502484711E-03,-522.6130597293E-03,-41.7713262141E-03
+980.5940000E-06,+320.3517553629E-03,-522.6130597293E-03,-1.5703216195E-03
+980.5950000E-06,+360.5527599575E-03,-502.5125574321E-03,-1.5703216195E-03
+980.5960000E-06,+400.7537645521E-03,-521.3567783358E-03,-1.5703216195E-03
+980.5970000E-06,+420.8542668493E-03,-502.5125574321E-03,-1.5703216195E-03
+980.5980000E-06,+440.9547691466E-03,-502.5125574321E-03,-1.5703216195E-03
+980.5990000E-06,+442.2110505402E-03,-502.5125574321E-03,-1.5703216195E-03
+980.6000000E-06,+442.2110505402E-03,-502.5125574321E-03,-39.2587634269E-03
+980.6010000E-06,+422.1105482429E-03,-502.5125574321E-03,-41.7713262141E-03
+980.6020000E-06,+422.1105482429E-03,-502.5125574321E-03,-41.7713262141E-03
+980.6030000E-06,+402.0100459456E-03,-502.5125574321E-03,-1.5703216195E-03
+980.6040000E-06,+420.8542668493E-03,-482.4120551348E-03,-1.5703216195E-03
+980.6050000E-06,+440.9547691466E-03,-442.2110505402E-03,-1.5703216195E-03
+980.6060000E-06,+461.0552714439E-03,-381.9095436484E-03,-1.5703216195E-03
+980.6070000E-06,+501.2562760385E-03,-281.4070321620E-03,-1.5703216195E-03
+980.6080000E-06,+502.5125574321E-03,-180.9045206755E-03,-1.5703216195E-03
+980.6090000E-06,+502.5125574321E-03,-40.2010045946E-03,-1.5703216195E-03
+980.6100000E-06,+502.5125574321E-03,+79.1457277955E-03,-39.2587634269E-03
+980.6110000E-06,+482.4120551348E-03,+199.7487415792E-03,-41.7713262141E-03
+980.6120000E-06,+462.3115528375E-03,+280.1507507684E-03,-1.5703216195E-03
+980.6130000E-06,+442.2110505402E-03,+340.4522576602E-03,-1.5703216195E-03
+980.6140000E-06,+461.0552714439E-03,+380.6532622548E-03,-1.5703216195E-03
+980.6150000E-06,+462.3115528375E-03,+420.8542668493E-03,-1.5703216195E-03
+980.6160000E-06,+462.3115528375E-03,+422.1105482429E-03,-1.5703216195E-03
+980.6170000E-06,+462.3115528375E-03,+440.9547691466E-03,-1.5703216195E-03
+980.6180000E-06,+462.3115528375E-03,+442.2110505402E-03,-1.5703216195E-03
+980.6190000E-06,+462.3115528375E-03,+442.2110505402E-03,-1.5703216195E-03
+980.6200000E-06,+462.3115528375E-03,+442.2110505402E-03,-1.5703216195E-03
+980.6210000E-06,+462.3115528375E-03,+442.2110505402E-03,-1.5703216195E-03
+980.6220000E-06,+462.3115528375E-03,+442.2110505402E-03,-1.5703216195E-03
+980.6230000E-06,+481.1557737412E-03,+442.2110505402E-03,-1.5703216195E-03
+980.6240000E-06,+462.3115528375E-03,+442.2110505402E-03,-1.5703216195E-03
+980.6250000E-06,+462.3115528375E-03,+442.2110505402E-03,-1.5703216195E-03
+980.6260000E-06,+462.3115528375E-03,+461.0552714439E-03,-1.5703216195E-03
+980.6270000E-06,+462.3115528375E-03,+462.3115528375E-03,-1.5703216195E-03
+980.6280000E-06,+462.3115528375E-03,+462.3115528375E-03,-1.5703216195E-03
+980.6290000E-06,+462.3115528375E-03,+481.1557737412E-03,-1.5703216195E-03
+980.6300000E-06,+462.3115528375E-03,+482.4120551348E-03,-1.5703216195E-03
+980.6310000E-06,+462.3115528375E-03,+482.4120551348E-03,-1.5703216195E-03
+980.6320000E-06,+462.3115528375E-03,+462.3115528375E-03,-1.5703216195E-03
+980.6330000E-06,+462.3115528375E-03,+462.3115528375E-03,-1.5703216195E-03
+980.6340000E-06,+462.3115528375E-03,+442.2110505402E-03,-1.5703216195E-03
+980.6350000E-06,+462.3115528375E-03,+442.2110505402E-03,-1.5703216195E-03
+980.6360000E-06,+462.3115528375E-03,+422.1105482429E-03,-1.5703216195E-03
+980.6370000E-06,+481.1557737412E-03,+422.1105482429E-03,-1.5703216195E-03
+980.6380000E-06,+482.4120551348E-03,+422.1105482429E-03,-1.5703216195E-03
+980.6390000E-06,+482.4120551348E-03,+440.9547691466E-03,-1.5703216195E-03
+980.6400000E-06,+482.4120551348E-03,+442.2110505402E-03,-1.5703216195E-03
+980.6410000E-06,+482.4120551348E-03,+461.0552714439E-03,-39.2587634269E-03
+980.6420000E-06,+462.3115528375E-03,+462.3115528375E-03,-41.7713262141E-03
+980.6430000E-06,+481.1557737412E-03,+462.3115528375E-03,-1.5703216195E-03
+980.6440000E-06,+482.4120551348E-03,+462.3115528375E-03,-1.5703216195E-03
+980.6450000E-06,+482.4120551348E-03,+462.3115528375E-03,-1.5703216195E-03
+980.6460000E-06,+482.4120551348E-03,+442.2110505402E-03,-1.5703216195E-03
+980.6470000E-06,+482.4120551348E-03,+442.2110505402E-03,-1.5703216195E-03
+980.6480000E-06,+462.3115528375E-03,+422.1105482429E-03,-1.5703216195E-03
+980.6490000E-06,+462.3115528375E-03,+440.9547691466E-03,-39.2587634269E-03
+980.6500000E-06,+462.3115528375E-03,+442.2110505402E-03,-41.7713262141E-03
+980.6510000E-06,+462.3115528375E-03,+442.2110505402E-03,-41.7713262141E-03
+980.6520000E-06,+462.3115528375E-03,+442.2110505402E-03,-41.7713262141E-03
+980.6530000E-06,+462.3115528375E-03,+461.0552714439E-03,-41.7713262141E-03
+980.6540000E-06,+462.3115528375E-03,+462.3115528375E-03,-1.5703216195E-03
+980.6550000E-06,+462.3115528375E-03,+462.3115528375E-03,-1.5703216195E-03
+980.6560000E-06,+462.3115528375E-03,+462.3115528375E-03,-1.5703216195E-03
+980.6570000E-06,+462.3115528375E-03,+462.3115528375E-03,-1.5703216195E-03
+980.6580000E-06,+462.3115528375E-03,+442.2110505402E-03,-1.5703216195E-03
+980.6590000E-06,+462.3115528375E-03,+442.2110505402E-03,-1.5703216195E-03
+980.6600000E-06,+462.3115528375E-03,+442.2110505402E-03,-1.5703216195E-03
+980.6610000E-06,+462.3115528375E-03,+461.0552714439E-03,-1.5703216195E-03
+980.6620000E-06,+462.3115528375E-03,+462.3115528375E-03,-1.5703216195E-03
+980.6630000E-06,+462.3115528375E-03,+462.3115528375E-03,-1.5703216195E-03
+980.6640000E-06,+462.3115528375E-03,+462.3115528375E-03,-1.5703216195E-03
+980.6650000E-06,+462.3115528375E-03,+462.3115528375E-03,-39.2587634269E-03
+980.6660000E-06,+462.3115528375E-03,+462.3115528375E-03,-41.7713262141E-03
+980.6670000E-06,+462.3115528375E-03,+462.3115528375E-03,-41.7713262141E-03
+980.6680000E-06,+462.3115528375E-03,+462.3115528375E-03,-41.7713262141E-03
+980.6690000E-06,+462.3115528375E-03,+462.3115528375E-03,-41.7713262141E-03
+980.6700000E-06,+462.3115528375E-03,+462.3115528375E-03,-41.7713262141E-03
+980.6710000E-06,+462.3115528375E-03,+462.3115528375E-03,-41.7713262141E-03
+980.6720000E-06,+462.3115528375E-03,+442.2110505402E-03,-41.7713262141E-03
+980.6730000E-06,+462.3115528375E-03,+461.0552714439E-03,-41.7713262141E-03
+980.6740000E-06,+462.3115528375E-03,+462.3115528375E-03,-1.5703216195E-03
+980.6750000E-06,+462.3115528375E-03,+462.3115528375E-03,-1.5703216195E-03
+980.6760000E-06,+462.3115528375E-03,+462.3115528375E-03,-1.5703216195E-03
+980.6770000E-06,+481.1557737412E-03,+462.3115528375E-03,-39.2587634269E-03
+980.6780000E-06,+482.4120551348E-03,+462.3115528375E-03,-41.7713262141E-03
+980.6790000E-06,+482.4120551348E-03,+462.3115528375E-03,-41.7713262141E-03
+980.6800000E-06,+482.4120551348E-03,+462.3115528375E-03,-41.7713262141E-03
+980.6810000E-06,+462.3115528375E-03,+462.3115528375E-03,-41.7713262141E-03
+980.6820000E-06,+462.3115528375E-03,+442.2110505402E-03,-1.5703216195E-03
+980.6830000E-06,+481.1557737412E-03,+461.0552714439E-03,-1.5703216195E-03
+980.6840000E-06,+462.3115528375E-03,+462.3115528375E-03,-1.5703216195E-03
+980.6850000E-06,+462.3115528375E-03,+462.3115528375E-03,-39.2587634269E-03
+980.6860000E-06,+422.1105482429E-03,+462.3115528375E-03,-1.5703216195E-03
+980.6870000E-06,+361.8090413511E-03,+462.3115528375E-03,-39.2587634269E-03
+980.6880000E-06,+241.2060275674E-03,+462.3115528375E-03,-41.7713262141E-03
+980.6890000E-06,+120.6030137837E-03,+462.3115528375E-03,-41.7713262141E-03
+980.6900000E-06,-18.8442209037E-03,+462.3115528375E-03,-1.5703216195E-03
+980.6910000E-06,-139.4472346874E-03,+462.3115528375E-03,-1.5703216195E-03
+980.6920000E-06,-239.9497461738E-03,+462.3115528375E-03,-1.5703216195E-03
+980.6930000E-06,-320.3517553629E-03,+462.3115528375E-03,-1.5703216195E-03
+980.6940000E-06,-360.5527599575E-03,+462.3115528375E-03,-1.5703216195E-03
+980.6950000E-06,-400.7537645521E-03,+462.3115528375E-03,-1.5703216195E-03
+980.6960000E-06,-420.8542668493E-03,+462.3115528375E-03,-1.5703216195E-03
+980.6970000E-06,-440.9547691466E-03,+462.3115528375E-03,-39.2587634269E-03
+980.6980000E-06,-442.2110505402E-03,+462.3115528375E-03,-1.5703216195E-03
+980.6990000E-06,-442.2110505402E-03,+462.3115528375E-03,-1.5703216195E-03
+980.7000000E-06,-442.2110505402E-03,+462.3115528375E-03,-1.5703216195E-03
+980.7010000E-06,-442.2110505402E-03,+462.3115528375E-03,-1.5703216195E-03
+980.7020000E-06,-422.1105482429E-03,+462.3115528375E-03,-1.5703216195E-03
+980.7030000E-06,-440.9547691466E-03,+462.3115528375E-03,-1.5703216195E-03
+980.7040000E-06,-461.0552714439E-03,+442.2110505402E-03,-1.5703216195E-03
+980.7050000E-06,-481.1557737412E-03,+402.0100459456E-03,-1.5703216195E-03
+980.7060000E-06,-501.2562760385E-03,+321.6080367565E-03,-1.5703216195E-03
+980.7070000E-06,-521.3567783358E-03,+201.0050229728E-03,-1.5703216195E-03
+980.7080000E-06,-522.6130597293E-03,+80.4020091891E-03,-1.5703216195E-03
+980.7090000E-06,-502.5125574321E-03,-59.0452254983E-03,-1.5703216195E-03
+980.7100000E-06,-482.4120551348E-03,-179.6482392820E-03,-1.5703216195E-03
+980.7110000E-06,-482.4120551348E-03,-280.1507507684E-03,-1.5703216195E-03
+980.7120000E-06,-462.3115528375E-03,-340.4522576602E-03,-1.5703216195E-03
+980.7130000E-06,-462.3115528375E-03,-400.7537645521E-03,-1.5703216195E-03
+980.7140000E-06,-462.3115528375E-03,-440.9547691466E-03,-1.5703216195E-03
+980.7150000E-06,-462.3115528375E-03,-461.0552714439E-03,-1.5703216195E-03
+980.7160000E-06,-462.3115528375E-03,-481.1557737412E-03,-1.5703216195E-03
+980.7170000E-06,-481.1557737412E-03,-482.4120551348E-03,-1.5703216195E-03
+980.7180000E-06,-482.4120551348E-03,-501.2562760385E-03,-1.5703216195E-03
+980.7190000E-06,-482.4120551348E-03,-502.5125574321E-03,-1.5703216195E-03
+980.7200000E-06,-482.4120551348E-03,-502.5125574321E-03,-1.5703216195E-03
+980.7210000E-06,-482.4120551348E-03,-502.5125574321E-03,-1.5703216195E-03
+980.7220000E-06,-482.4120551348E-03,-502.5125574321E-03,-1.5703216195E-03
+980.7230000E-06,-482.4120551348E-03,-502.5125574321E-03,-1.5703216195E-03
+980.7240000E-06,-482.4120551348E-03,-502.5125574321E-03,-1.5703216195E-03
+980.7250000E-06,-482.4120551348E-03,-502.5125574321E-03,-1.5703216195E-03
+980.7260000E-06,-462.3115528375E-03,-502.5125574321E-03,-1.5703216195E-03
+980.7270000E-06,-462.3115528375E-03,-521.3567783358E-03,-1.5703216195E-03
+980.7280000E-06,-462.3115528375E-03,-522.6130597293E-03,-1.5703216195E-03
+980.7290000E-06,-462.3115528375E-03,-522.6130597293E-03,-1.5703216195E-03
+980.7300000E-06,-481.1557737412E-03,-541.4572806330E-03,-1.5703216195E-03
+980.7310000E-06,-482.4120551348E-03,-522.6130597293E-03,-1.5703216195E-03
+980.7320000E-06,-482.4120551348E-03,-522.6130597293E-03,-1.5703216195E-03
+980.7330000E-06,-482.4120551348E-03,-502.5125574321E-03,-1.5703216195E-03
+980.7340000E-06,-482.4120551348E-03,-502.5125574321E-03,-39.2587634269E-03
+980.7350000E-06,-482.4120551348E-03,-482.4120551348E-03,-41.7713262141E-03
+980.7360000E-06,-482.4120551348E-03,-482.4120551348E-03,-41.7713262141E-03
+980.7370000E-06,-482.4120551348E-03,-482.4120551348E-03,-41.7713262141E-03
+980.7380000E-06,-482.4120551348E-03,-482.4120551348E-03,-41.7713262141E-03
+980.7390000E-06,-482.4120551348E-03,-482.4120551348E-03,-1.5703216195E-03
+980.7400000E-06,-482.4120551348E-03,-501.2562760385E-03,-1.5703216195E-03
+980.7410000E-06,-482.4120551348E-03,-502.5125574321E-03,-1.5703216195E-03
+980.7420000E-06,-482.4120551348E-03,-502.5125574321E-03,-1.5703216195E-03
+980.7430000E-06,-482.4120551348E-03,-502.5125574321E-03,-1.5703216195E-03
+980.7440000E-06,-482.4120551348E-03,-521.3567783358E-03,-1.5703216195E-03
+980.7450000E-06,-482.4120551348E-03,-502.5125574321E-03,-39.2587634269E-03
+980.7460000E-06,-482.4120551348E-03,-502.5125574321E-03,-41.7713262141E-03
+980.7470000E-06,-482.4120551348E-03,-502.5125574321E-03,-41.7713262141E-03
+980.7480000E-06,-482.4120551348E-03,-502.5125574321E-03,-41.7713262141E-03
+980.7490000E-06,-482.4120551348E-03,-502.5125574321E-03,-41.7713262141E-03
+980.7500000E-06,-462.3115528375E-03,-502.5125574321E-03,-1.5703216195E-03
+980.7510000E-06,-481.1557737412E-03,-502.5125574321E-03,-1.5703216195E-03
+980.7520000E-06,-482.4120551348E-03,-502.5125574321E-03,-1.5703216195E-03
+980.7530000E-06,-482.4120551348E-03,-502.5125574321E-03,-39.2587634269E-03
+980.7540000E-06,-501.2562760385E-03,-502.5125574321E-03,-1.5703216195E-03
+980.7550000E-06,-502.5125574321E-03,-502.5125574321E-03,-1.5703216195E-03
+980.7560000E-06,-482.4120551348E-03,-502.5125574321E-03,-1.5703216195E-03
+980.7570000E-06,-482.4120551348E-03,-502.5125574321E-03,-1.5703216195E-03
+980.7580000E-06,-482.4120551348E-03,-502.5125574321E-03,-1.5703216195E-03
+980.7590000E-06,-482.4120551348E-03,-502.5125574321E-03,-1.5703216195E-03
+980.7600000E-06,-482.4120551348E-03,-521.3567783358E-03,-1.5703216195E-03
+980.7610000E-06,-482.4120551348E-03,-522.6130597293E-03,-39.2587634269E-03
+980.7620000E-06,-482.4120551348E-03,-522.6130597293E-03,-41.7713262141E-03
+980.7630000E-06,-501.2562760385E-03,-522.6130597293E-03,-1.5703216195E-03
+980.7640000E-06,-502.5125574321E-03,-522.6130597293E-03,-1.5703216195E-03
+980.7650000E-06,-502.5125574321E-03,-522.6130597293E-03,-1.5703216195E-03
+980.7660000E-06,-482.4120551348E-03,-502.5125574321E-03,-1.5703216195E-03
+980.7670000E-06,-482.4120551348E-03,-502.5125574321E-03,-1.5703216195E-03
+980.7680000E-06,-482.4120551348E-03,-502.5125574321E-03,-1.5703216195E-03
+980.7690000E-06,-482.4120551348E-03,-502.5125574321E-03,-1.5703216195E-03
+980.7700000E-06,-482.4120551348E-03,-502.5125574321E-03,-1.5703216195E-03
+980.7710000E-06,-482.4120551348E-03,-502.5125574321E-03,-1.5703216195E-03
+980.7720000E-06,-482.4120551348E-03,-502.5125574321E-03,-1.5703216195E-03
+980.7730000E-06,-482.4120551348E-03,-502.5125574321E-03,-1.5703216195E-03
+980.7740000E-06,-482.4120551348E-03,-502.5125574321E-03,-1.5703216195E-03
+980.7750000E-06,-482.4120551348E-03,-502.5125574321E-03,-1.5703216195E-03
+980.7760000E-06,-482.4120551348E-03,-502.5125574321E-03,-1.5703216195E-03
+980.7770000E-06,-482.4120551348E-03,-521.3567783358E-03,-1.5703216195E-03
+980.7780000E-06,-482.4120551348E-03,-522.6130597293E-03,-1.5703216195E-03
+980.7790000E-06,-482.4120551348E-03,-522.6130597293E-03,-1.5703216195E-03
+980.7800000E-06,-482.4120551348E-03,-522.6130597293E-03,-1.5703216195E-03
+980.7810000E-06,-482.4120551348E-03,-522.6130597293E-03,-1.5703216195E-03
+980.7820000E-06,-482.4120551348E-03,-522.6130597293E-03,-1.5703216195E-03
+980.7830000E-06,-482.4120551348E-03,-502.5125574321E-03,-1.5703216195E-03
+980.7840000E-06,-482.4120551348E-03,-502.5125574321E-03,-1.5703216195E-03
+980.7850000E-06,-482.4120551348E-03,-502.5125574321E-03,-1.5703216195E-03
+980.7860000E-06,-462.3115528375E-03,-521.3567783358E-03,-1.5703216195E-03
+980.7870000E-06,-422.1105482429E-03,-502.5125574321E-03,-1.5703216195E-03
+980.7880000E-06,-341.7085390538E-03,-521.3567783358E-03,-1.5703216195E-03
+980.7890000E-06,-221.1055252701E-03,-522.6130597293E-03,-1.5703216195E-03
+980.7900000E-06,-80.4020091891E-03,-522.6130597293E-03,-1.5703216195E-03
+980.7910000E-06,+38.9447232010E-03,-522.6130597293E-03,-1.5703216195E-03
+980.7920000E-06,+159.5477369847E-03,-522.6130597293E-03,-1.5703216195E-03
+980.7930000E-06,+260.0502484711E-03,-522.6130597293E-03,-1.5703216195E-03
+980.7940000E-06,+320.3517553629E-03,-522.6130597293E-03,-1.5703216195E-03
+980.7950000E-06,+360.5527599575E-03,-522.6130597293E-03,-1.5703216195E-03
+980.7960000E-06,+400.7537645521E-03,-522.6130597293E-03,-1.5703216195E-03
+980.7970000E-06,+402.0100459456E-03,-522.6130597293E-03,-1.5703216195E-03
+980.7980000E-06,+420.8542668493E-03,-522.6130597293E-03,-1.5703216195E-03
+980.7990000E-06,+440.9547691466E-03,-522.6130597293E-03,-1.5703216195E-03
+980.8000000E-06,+442.2110505402E-03,-522.6130597293E-03,-1.5703216195E-03
+980.8010000E-06,+422.1105482429E-03,-522.6130597293E-03,-1.5703216195E-03
+980.8020000E-06,+422.1105482429E-03,-502.5125574321E-03,-1.5703216195E-03
+980.8030000E-06,+422.1105482429E-03,-502.5125574321E-03,-1.5703216195E-03
+980.8040000E-06,+440.9547691466E-03,-482.4120551348E-03,-1.5703216195E-03
+980.8050000E-06,+442.2110505402E-03,-442.2110505402E-03,-1.5703216195E-03
+980.8060000E-06,+481.1557737412E-03,-381.9095436484E-03,-1.5703216195E-03
+980.8070000E-06,+482.4120551348E-03,-301.5075344592E-03,-1.5703216195E-03
+980.8080000E-06,+501.2562760385E-03,-180.9045206755E-03,-1.5703216195E-03
+980.8090000E-06,+502.5125574321E-03,-40.2010045946E-03,-1.5703216195E-03
+980.8100000E-06,+482.4120551348E-03,+79.1457277955E-03,-1.5703216195E-03
+980.8110000E-06,+462.3115528375E-03,+199.7487415792E-03,-1.5703216195E-03
+980.8120000E-06,+462.3115528375E-03,+280.1507507684E-03,-1.5703216195E-03
+980.8130000E-06,+442.2110505402E-03,+340.4522576602E-03,-1.5703216195E-03
+980.8140000E-06,+442.2110505402E-03,+380.6532622548E-03,-1.5703216195E-03
+980.8150000E-06,+442.2110505402E-03,+420.8542668493E-03,-1.5703216195E-03
+980.8160000E-06,+461.0552714439E-03,+422.1105482429E-03,-1.5703216195E-03
+980.8170000E-06,+462.3115528375E-03,+440.9547691466E-03,-1.5703216195E-03
+980.8180000E-06,+462.3115528375E-03,+442.2110505402E-03,-1.5703216195E-03
+980.8190000E-06,+462.3115528375E-03,+442.2110505402E-03,-1.5703216195E-03
+980.8200000E-06,+462.3115528375E-03,+442.2110505402E-03,-1.5703216195E-03
+980.8210000E-06,+462.3115528375E-03,+442.2110505402E-03,-1.5703216195E-03
+980.8220000E-06,+462.3115528375E-03,+442.2110505402E-03,-1.5703216195E-03
+980.8230000E-06,+462.3115528375E-03,+442.2110505402E-03,-1.5703216195E-03
+980.8240000E-06,+462.3115528375E-03,+442.2110505402E-03,-1.5703216195E-03
+980.8250000E-06,+462.3115528375E-03,+442.2110505402E-03,-1.5703216195E-03
+980.8260000E-06,+462.3115528375E-03,+461.0552714439E-03,-1.5703216195E-03
+980.8270000E-06,+462.3115528375E-03,+462.3115528375E-03,-1.5703216195E-03
+980.8280000E-06,+462.3115528375E-03,+481.1557737412E-03,-1.5703216195E-03
+980.8290000E-06,+462.3115528375E-03,+482.4120551348E-03,-1.5703216195E-03
+980.8300000E-06,+462.3115528375E-03,+482.4120551348E-03,-1.5703216195E-03
+980.8310000E-06,+462.3115528375E-03,+482.4120551348E-03,-1.5703216195E-03
+980.8320000E-06,+462.3115528375E-03,+462.3115528375E-03,-1.5703216195E-03
+980.8330000E-06,+462.3115528375E-03,+462.3115528375E-03,-1.5703216195E-03
+980.8340000E-06,+462.3115528375E-03,+442.2110505402E-03,-1.5703216195E-03
+980.8350000E-06,+462.3115528375E-03,+442.2110505402E-03,-1.5703216195E-03
+980.8360000E-06,+481.1557737412E-03,+422.1105482429E-03,-1.5703216195E-03
+980.8370000E-06,+482.4120551348E-03,+422.1105482429E-03,-1.5703216195E-03
+980.8380000E-06,+482.4120551348E-03,+440.9547691466E-03,-1.5703216195E-03
+980.8390000E-06,+482.4120551348E-03,+442.2110505402E-03,-1.5703216195E-03
+980.8400000E-06,+482.4120551348E-03,+461.0552714439E-03,-1.5703216195E-03
+980.8410000E-06,+462.3115528375E-03,+462.3115528375E-03,-1.5703216195E-03
+980.8420000E-06,+462.3115528375E-03,+462.3115528375E-03,-1.5703216195E-03
+980.8430000E-06,+462.3115528375E-03,+462.3115528375E-03,-1.5703216195E-03
+980.8440000E-06,+462.3115528375E-03,+462.3115528375E-03,-1.5703216195E-03
+980.8450000E-06,+462.3115528375E-03,+462.3115528375E-03,+38.6306829751E-03
+980.8460000E-06,+481.1557737412E-03,+462.3115528375E-03,+38.6306829751E-03
+980.8470000E-06,+482.4120551348E-03,+442.2110505402E-03,+38.6306829751E-03
+980.8480000E-06,+482.4120551348E-03,+442.2110505402E-03,+942.2411676E-06
+980.8490000E-06,+482.4120551348E-03,+442.2110505402E-03,-1.5703216195E-03
+980.8500000E-06,+482.4120551348E-03,+442.2110505402E-03,-1.5703216195E-03
+980.8510000E-06,+482.4120551348E-03,+461.0552714439E-03,-39.2587634269E-03
+980.8520000E-06,+482.4120551348E-03,+462.3115528375E-03,-41.7713262141E-03
+980.8530000E-06,+482.4120551348E-03,+462.3115528375E-03,-41.7713262141E-03
+980.8540000E-06,+482.4120551348E-03,+462.3115528375E-03,-41.7713262141E-03
+980.8550000E-06,+482.4120551348E-03,+462.3115528375E-03,-41.7713262141E-03
+980.8560000E-06,+482.4120551348E-03,+462.3115528375E-03,-41.7713262141E-03
+980.8570000E-06,+482.4120551348E-03,+462.3115528375E-03,-41.7713262141E-03
+980.8580000E-06,+482.4120551348E-03,+462.3115528375E-03,-1.5703216195E-03
+980.8590000E-06,+482.4120551348E-03,+462.3115528375E-03,-1.5703216195E-03
+980.8600000E-06,+482.4120551348E-03,+462.3115528375E-03,-1.5703216195E-03
+980.8610000E-06,+482.4120551348E-03,+462.3115528375E-03,-1.5703216195E-03
+980.8620000E-06,+482.4120551348E-03,+462.3115528375E-03,-1.5703216195E-03
+980.8630000E-06,+482.4120551348E-03,+462.3115528375E-03,-1.5703216195E-03
+980.8640000E-06,+462.3115528375E-03,+462.3115528375E-03,-1.5703216195E-03
+980.8650000E-06,+462.3115528375E-03,+462.3115528375E-03,-1.5703216195E-03
+980.8660000E-06,+462.3115528375E-03,+462.3115528375E-03,-1.5703216195E-03
+980.8670000E-06,+462.3115528375E-03,+462.3115528375E-03,-1.5703216195E-03
+980.8680000E-06,+462.3115528375E-03,+462.3115528375E-03,-1.5703216195E-03
+980.8690000E-06,+481.1557737412E-03,+462.3115528375E-03,-1.5703216195E-03
+980.8700000E-06,+482.4120551348E-03,+462.3115528375E-03,-1.5703216195E-03
+980.8710000E-06,+482.4120551348E-03,+462.3115528375E-03,-1.5703216195E-03
+980.8720000E-06,+482.4120551348E-03,+462.3115528375E-03,-1.5703216195E-03
+980.8730000E-06,+462.3115528375E-03,+462.3115528375E-03,-1.5703216195E-03
+980.8740000E-06,+462.3115528375E-03,+462.3115528375E-03,-1.5703216195E-03
+980.8750000E-06,+462.3115528375E-03,+462.3115528375E-03,-1.5703216195E-03
+980.8760000E-06,+462.3115528375E-03,+462.3115528375E-03,-1.5703216195E-03
+980.8770000E-06,+481.1557737412E-03,+462.3115528375E-03,-1.5703216195E-03
+980.8780000E-06,+482.4120551348E-03,+462.3115528375E-03,-1.5703216195E-03
+980.8790000E-06,+482.4120551348E-03,+462.3115528375E-03,-1.5703216195E-03
+980.8800000E-06,+482.4120551348E-03,+462.3115528375E-03,-1.5703216195E-03
+980.8810000E-06,+482.4120551348E-03,+462.3115528375E-03,-39.2587634269E-03
+980.8820000E-06,+462.3115528375E-03,+462.3115528375E-03,-41.7713262141E-03
+980.8830000E-06,+462.3115528375E-03,+462.3115528375E-03,-41.7713262141E-03
+980.8840000E-06,+462.3115528375E-03,+462.3115528375E-03,-41.7713262141E-03
+980.8850000E-06,+462.3115528375E-03,+462.3115528375E-03,-41.7713262141E-03
+980.8860000E-06,+422.1105482429E-03,+462.3115528375E-03,-1.5703216195E-03
+980.8870000E-06,+361.8090413511E-03,+462.3115528375E-03,-39.2587634269E-03
+980.8880000E-06,+241.2060275674E-03,+462.3115528375E-03,-41.7713262141E-03
+980.8890000E-06,+120.6030137837E-03,+462.3115528375E-03,-41.7713262141E-03
+980.8900000E-06,-18.8442209037E-03,+462.3115528375E-03,-41.7713262141E-03
+980.8910000E-06,-159.5477369847E-03,+462.3115528375E-03,-1.5703216195E-03
+980.8920000E-06,-260.0502484711E-03,+462.3115528375E-03,-1.5703216195E-03
+980.8930000E-06,-340.4522576602E-03,+462.3115528375E-03,-1.5703216195E-03
+980.8940000E-06,-360.5527599575E-03,+462.3115528375E-03,-1.5703216195E-03
+980.8950000E-06,-400.7537645521E-03,+462.3115528375E-03,-1.5703216195E-03
+980.8960000E-06,-420.8542668493E-03,+462.3115528375E-03,-1.5703216195E-03
+980.8970000E-06,-440.9547691466E-03,+462.3115528375E-03,-39.2587634269E-03
+980.8980000E-06,-442.2110505402E-03,+442.2110505402E-03,-41.7713262141E-03
+980.8990000E-06,-461.0552714439E-03,+442.2110505402E-03,-41.7713262141E-03
+980.9000000E-06,-462.3115528375E-03,+442.2110505402E-03,-41.7713262141E-03
+980.9010000E-06,-442.2110505402E-03,+442.2110505402E-03,-41.7713262141E-03
+980.9020000E-06,-442.2110505402E-03,+442.2110505402E-03,-1.5703216195E-03
+980.9030000E-06,-442.2110505402E-03,+461.0552714439E-03,-1.5703216195E-03
+980.9040000E-06,-442.2110505402E-03,+442.2110505402E-03,-1.5703216195E-03
+980.9050000E-06,-481.1557737412E-03,+402.0100459456E-03,-1.5703216195E-03
+980.9060000E-06,-501.2562760385E-03,+321.6080367565E-03,-1.5703216195E-03
+980.9070000E-06,-521.3567783358E-03,+221.1055252701E-03,-1.5703216195E-03
+980.9080000E-06,-522.6130597293E-03,+80.4020091891E-03,-1.5703216195E-03
+980.9090000E-06,-502.5125574321E-03,-59.0452254983E-03,-1.5703216195E-03
+980.9100000E-06,-482.4120551348E-03,-179.6482392820E-03,-1.5703216195E-03
+980.9110000E-06,-482.4120551348E-03,-280.1507507684E-03,-1.5703216195E-03
+980.9120000E-06,-462.3115528375E-03,-360.5527599575E-03,-1.5703216195E-03
+980.9130000E-06,-462.3115528375E-03,-400.7537645521E-03,-1.5703216195E-03
+980.9140000E-06,-462.3115528375E-03,-440.9547691466E-03,-1.5703216195E-03
+980.9150000E-06,-462.3115528375E-03,-461.0552714439E-03,-1.5703216195E-03
+980.9160000E-06,-462.3115528375E-03,-462.3115528375E-03,-1.5703216195E-03
+980.9170000E-06,-481.1557737412E-03,-481.1557737412E-03,-1.5703216195E-03
+980.9180000E-06,-462.3115528375E-03,-501.2562760385E-03,-1.5703216195E-03
+980.9190000E-06,-481.1557737412E-03,-502.5125574321E-03,-1.5703216195E-03
+980.9200000E-06,-482.4120551348E-03,-502.5125574321E-03,-39.2587634269E-03
+980.9210000E-06,-482.4120551348E-03,-502.5125574321E-03,-41.7713262141E-03
+980.9220000E-06,-482.4120551348E-03,-502.5125574321E-03,-41.7713262141E-03
+980.9230000E-06,-482.4120551348E-03,-482.4120551348E-03,-41.7713262141E-03
+980.9240000E-06,-482.4120551348E-03,-482.4120551348E-03,-41.7713262141E-03
+980.9250000E-06,-482.4120551348E-03,-501.2562760385E-03,-41.7713262141E-03
+980.9260000E-06,-462.3115528375E-03,-502.5125574321E-03,-41.7713262141E-03
+980.9270000E-06,-481.1557737412E-03,-502.5125574321E-03,-41.7713262141E-03
+980.9280000E-06,-482.4120551348E-03,-521.3567783358E-03,-41.7713262141E-03
+980.9290000E-06,-482.4120551348E-03,-541.4572806330E-03,-1.5703216195E-03
+980.9300000E-06,-482.4120551348E-03,-542.7135620266E-03,-1.5703216195E-03
+980.9310000E-06,-482.4120551348E-03,-542.7135620266E-03,-1.5703216195E-03
+980.9320000E-06,-482.4120551348E-03,-522.6130597293E-03,-1.5703216195E-03
+980.9330000E-06,-482.4120551348E-03,-502.5125574321E-03,-39.2587634269E-03
+980.9340000E-06,-482.4120551348E-03,-482.4120551348E-03,-41.7713262141E-03
+980.9350000E-06,-501.2562760385E-03,-482.4120551348E-03,-41.7713262141E-03
+980.9360000E-06,-502.5125574321E-03,-482.4120551348E-03,-41.7713262141E-03
+980.9370000E-06,-502.5125574321E-03,-482.4120551348E-03,-41.7713262141E-03
+980.9380000E-06,-502.5125574321E-03,-482.4120551348E-03,-1.5703216195E-03
+980.9390000E-06,-502.5125574321E-03,-501.2562760385E-03,-1.5703216195E-03
+980.9400000E-06,-482.4120551348E-03,-502.5125574321E-03,-1.5703216195E-03
+980.9410000E-06,-482.4120551348E-03,-502.5125574321E-03,-39.2587634269E-03
+980.9420000E-06,-482.4120551348E-03,-521.3567783358E-03,-1.5703216195E-03
+980.9430000E-06,-482.4120551348E-03,-502.5125574321E-03,-1.5703216195E-03
+980.9440000E-06,-482.4120551348E-03,-502.5125574321E-03,-1.5703216195E-03
+980.9450000E-06,-501.2562760385E-03,-502.5125574321E-03,-1.5703216195E-03
+980.9460000E-06,-502.5125574321E-03,-502.5125574321E-03,-1.5703216195E-03
+980.9470000E-06,-502.5125574321E-03,-482.4120551348E-03,-1.5703216195E-03
+980.9480000E-06,-502.5125574321E-03,-482.4120551348E-03,-1.5703216195E-03
+980.9490000E-06,-502.5125574321E-03,-482.4120551348E-03,-39.2587634269E-03
+980.9500000E-06,-482.4120551348E-03,-501.2562760385E-03,-41.7713262141E-03
+980.9510000E-06,-482.4120551348E-03,-502.5125574321E-03,-41.7713262141E-03
+980.9520000E-06,-482.4120551348E-03,-502.5125574321E-03,-41.7713262141E-03
+980.9530000E-06,-482.4120551348E-03,-521.3567783358E-03,-41.7713262141E-03
+980.9540000E-06,-482.4120551348E-03,-522.6130597293E-03,-41.7713262141E-03
+980.9550000E-06,-482.4120551348E-03,-522.6130597293E-03,-41.7713262141E-03
+980.9560000E-06,-482.4120551348E-03,-522.6130597293E-03,-1.5703216195E-03
+980.9570000E-06,-482.4120551348E-03,-502.5125574321E-03,-1.5703216195E-03
+980.9580000E-06,-482.4120551348E-03,-502.5125574321E-03,-1.5703216195E-03
+980.9590000E-06,-482.4120551348E-03,-502.5125574321E-03,-1.5703216195E-03
+980.9600000E-06,-482.4120551348E-03,-502.5125574321E-03,-1.5703216195E-03
+980.9610000E-06,-501.2562760385E-03,-521.3567783358E-03,-1.5703216195E-03
+980.9620000E-06,-502.5125574321E-03,-522.6130597293E-03,-1.5703216195E-03
+980.9630000E-06,-502.5125574321E-03,-522.6130597293E-03,-1.5703216195E-03
+980.9640000E-06,-502.5125574321E-03,-522.6130597293E-03,-1.5703216195E-03
+980.9650000E-06,-502.5125574321E-03,-522.6130597293E-03,-1.5703216195E-03
+980.9660000E-06,-482.4120551348E-03,-522.6130597293E-03,-1.5703216195E-03
+980.9670000E-06,-482.4120551348E-03,-522.6130597293E-03,-1.5703216195E-03
+980.9680000E-06,-482.4120551348E-03,-522.6130597293E-03,-1.5703216195E-03
+980.9690000E-06,-482.4120551348E-03,-522.6130597293E-03,-1.5703216195E-03
+980.9700000E-06,-482.4120551348E-03,-522.6130597293E-03,-1.5703216195E-03
+980.9710000E-06,-501.2562760385E-03,-522.6130597293E-03,-1.5703216195E-03
+980.9720000E-06,-502.5125574321E-03,-522.6130597293E-03,-1.5703216195E-03
+980.9730000E-06,-502.5125574321E-03,-502.5125574321E-03,-39.2587634269E-03
+980.9740000E-06,-502.5125574321E-03,-502.5125574321E-03,-41.7713262141E-03
+980.9750000E-06,-502.5125574321E-03,-502.5125574321E-03,-41.7713262141E-03
+980.9760000E-06,-502.5125574321E-03,-521.3567783358E-03,-1.5703216195E-03
+980.9770000E-06,-502.5125574321E-03,-522.6130597293E-03,-1.5703216195E-03
+980.9780000E-06,-502.5125574321E-03,-522.6130597293E-03,-1.5703216195E-03
+980.9790000E-06,-502.5125574321E-03,-522.6130597293E-03,-1.5703216195E-03
+980.9800000E-06,-502.5125574321E-03,-522.6130597293E-03,-1.5703216195E-03
+980.9810000E-06,-502.5125574321E-03,-502.5125574321E-03,-1.5703216195E-03
+980.9820000E-06,-482.4120551348E-03,-502.5125574321E-03,-1.5703216195E-03
+980.9830000E-06,-482.4120551348E-03,-502.5125574321E-03,-1.5703216195E-03
+980.9840000E-06,-482.4120551348E-03,-502.5125574321E-03,-1.5703216195E-03
+980.9850000E-06,-482.4120551348E-03,-521.3567783358E-03,-1.5703216195E-03
+980.9860000E-06,-462.3115528375E-03,-522.6130597293E-03,-1.5703216195E-03
+980.9870000E-06,-402.0100459456E-03,-522.6130597293E-03,-1.5703216195E-03
+980.9880000E-06,-321.6080367565E-03,-522.6130597293E-03,-1.5703216195E-03
+980.9890000E-06,-221.1055252701E-03,-522.6130597293E-03,-1.5703216195E-03
+980.9900000E-06,-80.4020091891E-03,-522.6130597293E-03,-1.5703216195E-03
+980.9910000E-06,+38.9447232010E-03,-502.5125574321E-03,-39.2587634269E-03
+980.9920000E-06,+159.5477369847E-03,-521.3567783358E-03,-1.5703216195E-03
+980.9930000E-06,+239.9497461738E-03,-522.6130597293E-03,-1.5703216195E-03
+980.9940000E-06,+320.3517553629E-03,-522.6130597293E-03,-1.5703216195E-03
+980.9950000E-06,+360.5527599575E-03,-522.6130597293E-03,-1.5703216195E-03
+980.9960000E-06,+400.7537645521E-03,-522.6130597293E-03,-1.5703216195E-03
+980.9970000E-06,+420.8542668493E-03,-522.6130597293E-03,-1.5703216195E-03
+980.9980000E-06,+440.9547691466E-03,-502.5125574321E-03,-1.5703216195E-03
+980.9990000E-06,+442.2110505402E-03,-502.5125574321E-03,-1.5703216195E-03
+981.0000000E-06,+442.2110505402E-03,-502.5125574321E-03,-1.5703216195E-03
+981.0010000E-06,+422.1105482429E-03,-502.5125574321E-03,-39.2587634269E-03
+981.0020000E-06,+422.1105482429E-03,-502.5125574321E-03,-1.5703216195E-03
+981.0030000E-06,+422.1105482429E-03,-502.5125574321E-03,-1.5703216195E-03
+981.0040000E-06,+422.1105482429E-03,-482.4120551348E-03,-1.5703216195E-03
+981.0050000E-06,+440.9547691466E-03,-442.2110505402E-03,-1.5703216195E-03
+981.0060000E-06,+461.0552714439E-03,-381.9095436484E-03,-1.5703216195E-03
+981.0070000E-06,+481.1557737412E-03,-281.4070321620E-03,-1.5703216195E-03
+981.0080000E-06,+501.2562760385E-03,-160.8040183783E-03,-1.5703216195E-03
+981.0090000E-06,+502.5125574321E-03,-40.2010045946E-03,-1.5703216195E-03
+981.0100000E-06,+502.5125574321E-03,+79.1457277955E-03,-1.5703216195E-03
+981.0110000E-06,+482.4120551348E-03,+199.7487415792E-03,-1.5703216195E-03
+981.0120000E-06,+462.3115528375E-03,+280.1507507684E-03,-1.5703216195E-03
+981.0130000E-06,+462.3115528375E-03,+340.4522576602E-03,-1.5703216195E-03
+981.0140000E-06,+462.3115528375E-03,+380.6532622548E-03,-1.5703216195E-03
+981.0150000E-06,+462.3115528375E-03,+400.7537645521E-03,-1.5703216195E-03
+981.0160000E-06,+462.3115528375E-03,+420.8542668493E-03,-1.5703216195E-03
+981.0170000E-06,+462.3115528375E-03,+440.9547691466E-03,-1.5703216195E-03
+981.0180000E-06,+462.3115528375E-03,+442.2110505402E-03,-1.5703216195E-03
+981.0190000E-06,+462.3115528375E-03,+442.2110505402E-03,-1.5703216195E-03
+981.0200000E-06,+462.3115528375E-03,+442.2110505402E-03,-1.5703216195E-03
+981.0210000E-06,+462.3115528375E-03,+442.2110505402E-03,-1.5703216195E-03
+981.0220000E-06,+462.3115528375E-03,+442.2110505402E-03,-1.5703216195E-03
+981.0230000E-06,+462.3115528375E-03,+442.2110505402E-03,-1.5703216195E-03
+981.0240000E-06,+462.3115528375E-03,+442.2110505402E-03,-1.5703216195E-03
+981.0250000E-06,+462.3115528375E-03,+442.2110505402E-03,-1.5703216195E-03
+981.0260000E-06,+462.3115528375E-03,+442.2110505402E-03,-1.5703216195E-03
+981.0270000E-06,+462.3115528375E-03,+442.2110505402E-03,-1.5703216195E-03
+981.0280000E-06,+462.3115528375E-03,+461.0552714439E-03,-1.5703216195E-03
+981.0290000E-06,+462.3115528375E-03,+462.3115528375E-03,-39.2587634269E-03
+981.0300000E-06,+462.3115528375E-03,+481.1557737412E-03,-41.7713262141E-03
+981.0310000E-06,+462.3115528375E-03,+482.4120551348E-03,-41.7713262141E-03
+981.0320000E-06,+462.3115528375E-03,+462.3115528375E-03,-1.5703216195E-03
+981.0330000E-06,+462.3115528375E-03,+462.3115528375E-03,-1.5703216195E-03
+981.0340000E-06,+462.3115528375E-03,+442.2110505402E-03,-1.5703216195E-03
+981.0350000E-06,+481.1557737412E-03,+442.2110505402E-03,-1.5703216195E-03
+981.0360000E-06,+482.4120551348E-03,+422.1105482429E-03,-1.5703216195E-03
+981.0370000E-06,+482.4120551348E-03,+422.1105482429E-03,-1.5703216195E-03
+981.0380000E-06,+482.4120551348E-03,+422.1105482429E-03,-1.5703216195E-03
+981.0390000E-06,+482.4120551348E-03,+440.9547691466E-03,-1.5703216195E-03
+981.0400000E-06,+482.4120551348E-03,+442.2110505402E-03,-1.5703216195E-03
+981.0410000E-06,+462.3115528375E-03,+461.0552714439E-03,-1.5703216195E-03
+981.0420000E-06,+462.3115528375E-03,+462.3115528375E-03,-1.5703216195E-03
+981.0430000E-06,+462.3115528375E-03,+462.3115528375E-03,-1.5703216195E-03
+981.0440000E-06,+462.3115528375E-03,+462.3115528375E-03,-1.5703216195E-03
+981.0450000E-06,+481.1557737412E-03,+462.3115528375E-03,-1.5703216195E-03
+981.0460000E-06,+482.4120551348E-03,+442.2110505402E-03,-1.5703216195E-03
+981.0470000E-06,+482.4120551348E-03,+442.2110505402E-03,-1.5703216195E-03
+981.0480000E-06,+482.4120551348E-03,+442.2110505402E-03,-1.5703216195E-03
+981.0490000E-06,+482.4120551348E-03,+442.2110505402E-03,-1.5703216195E-03
+981.0500000E-06,+482.4120551348E-03,+442.2110505402E-03,-1.5703216195E-03
+981.0510000E-06,+482.4120551348E-03,+442.2110505402E-03,-1.5703216195E-03
+981.0520000E-06,+462.3115528375E-03,+442.2110505402E-03,-1.5703216195E-03
+981.0530000E-06,+462.3115528375E-03,+461.0552714439E-03,-1.5703216195E-03
+981.0540000E-06,+481.1557737412E-03,+462.3115528375E-03,-39.2587634269E-03
+981.0550000E-06,+482.4120551348E-03,+462.3115528375E-03,-41.7713262141E-03
+981.0560000E-06,+462.3115528375E-03,+462.3115528375E-03,-41.7713262141E-03
+981.0570000E-06,+462.3115528375E-03,+462.3115528375E-03,-41.7713262141E-03
+981.0580000E-06,+462.3115528375E-03,+442.2110505402E-03,-41.7713262141E-03
+981.0590000E-06,+462.3115528375E-03,+442.2110505402E-03,-1.5703216195E-03
+981.0600000E-06,+462.3115528375E-03,+442.2110505402E-03,-1.5703216195E-03
+981.0610000E-06,+462.3115528375E-03,+442.2110505402E-03,-1.5703216195E-03
+981.0620000E-06,+481.1557737412E-03,+442.2110505402E-03,-1.5703216195E-03
+981.0630000E-06,+482.4120551348E-03,+461.0552714439E-03,-1.5703216195E-03
+981.0640000E-06,+482.4120551348E-03,+462.3115528375E-03,-1.5703216195E-03
+981.0650000E-06,+462.3115528375E-03,+462.3115528375E-03,-1.5703216195E-03
+981.0660000E-06,+462.3115528375E-03,+462.3115528375E-03,-1.5703216195E-03
+981.0670000E-06,+462.3115528375E-03,+462.3115528375E-03,-1.5703216195E-03
+981.0680000E-06,+462.3115528375E-03,+462.3115528375E-03,-1.5703216195E-03
+981.0690000E-06,+462.3115528375E-03,+462.3115528375E-03,-39.2587634269E-03
+981.0700000E-06,+481.1557737412E-03,+462.3115528375E-03,-41.7713262141E-03
+981.0710000E-06,+482.4120551348E-03,+462.3115528375E-03,-41.7713262141E-03
+981.0720000E-06,+482.4120551348E-03,+442.2110505402E-03,-41.7713262141E-03
+981.0730000E-06,+482.4120551348E-03,+461.0552714439E-03,-41.7713262141E-03
+981.0740000E-06,+482.4120551348E-03,+462.3115528375E-03,-41.7713262141E-03
+981.0750000E-06,+462.3115528375E-03,+462.3115528375E-03,-41.7713262141E-03
+981.0760000E-06,+462.3115528375E-03,+462.3115528375E-03,-41.7713262141E-03
+981.0770000E-06,+462.3115528375E-03,+462.3115528375E-03,-41.7713262141E-03
+981.0780000E-06,+462.3115528375E-03,+462.3115528375E-03,-1.5703216195E-03
+981.0790000E-06,+462.3115528375E-03,+462.3115528375E-03,-1.5703216195E-03
+981.0800000E-06,+462.3115528375E-03,+462.3115528375E-03,-1.5703216195E-03
+981.0810000E-06,+462.3115528375E-03,+462.3115528375E-03,-1.5703216195E-03
+981.0820000E-06,+462.3115528375E-03,+462.3115528375E-03,-1.5703216195E-03
+981.0830000E-06,+462.3115528375E-03,+462.3115528375E-03,-1.5703216195E-03
+981.0840000E-06,+462.3115528375E-03,+462.3115528375E-03,-1.5703216195E-03
+981.0850000E-06,+462.3115528375E-03,+462.3115528375E-03,-1.5703216195E-03
+981.0860000E-06,+422.1105482429E-03,+462.3115528375E-03,-1.5703216195E-03
+981.0870000E-06,+341.7085390538E-03,+462.3115528375E-03,-1.5703216195E-03
+981.0880000E-06,+241.2060275674E-03,+462.3115528375E-03,-39.2587634269E-03
+981.0890000E-06,+120.6030137837E-03,+462.3115528375E-03,-41.7713262141E-03
+981.0900000E-06,-18.8442209037E-03,+462.3115528375E-03,-41.7713262141E-03
+981.0910000E-06,-159.5477369847E-03,+462.3115528375E-03,-1.5703216195E-03
+981.0920000E-06,-260.0502484711E-03,+462.3115528375E-03,-1.5703216195E-03
+981.0930000E-06,-320.3517553629E-03,+462.3115528375E-03,-1.5703216195E-03
+981.0940000E-06,-360.5527599575E-03,+462.3115528375E-03,-1.5703216195E-03
+981.0950000E-06,-400.7537645521E-03,+462.3115528375E-03,-1.5703216195E-03
+981.0960000E-06,-420.8542668493E-03,+462.3115528375E-03,-1.5703216195E-03
+981.0970000E-06,-440.9547691466E-03,+462.3115528375E-03,-1.5703216195E-03
+981.0980000E-06,-442.2110505402E-03,+462.3115528375E-03,-1.5703216195E-03
+981.0990000E-06,-461.0552714439E-03,+462.3115528375E-03,-1.5703216195E-03
+981.1000000E-06,-442.2110505402E-03,+442.2110505402E-03,-1.5703216195E-03
+981.1010000E-06,-442.2110505402E-03,+461.0552714439E-03,-1.5703216195E-03
+981.1020000E-06,-422.1105482429E-03,+462.3115528375E-03,-1.5703216195E-03
+981.1030000E-06,-440.9547691466E-03,+462.3115528375E-03,-1.5703216195E-03
+981.1040000E-06,-442.2110505402E-03,+442.2110505402E-03,-1.5703216195E-03
+981.1050000E-06,-481.1557737412E-03,+402.0100459456E-03,-1.5703216195E-03
+981.1060000E-06,-501.2562760385E-03,+321.6080367565E-03,-1.5703216195E-03
+981.1070000E-06,-521.3567783358E-03,+221.1055252701E-03,-1.5703216195E-03
+981.1080000E-06,-522.6130597293E-03,+80.4020091891E-03,-1.5703216195E-03
+981.1090000E-06,-502.5125574321E-03,-59.0452254983E-03,-1.5703216195E-03
+981.1100000E-06,-482.4120551348E-03,-179.6482392820E-03,-1.5703216195E-03
+981.1110000E-06,-482.4120551348E-03,-280.1507507684E-03,-1.5703216195E-03
+981.1120000E-06,-462.3115528375E-03,-360.5527599575E-03,-1.5703216195E-03
+981.1130000E-06,-462.3115528375E-03,-400.7537645521E-03,-1.5703216195E-03
+981.1140000E-06,-462.3115528375E-03,-440.9547691466E-03,-1.5703216195E-03
+981.1150000E-06,-481.1557737412E-03,-461.0552714439E-03,-1.5703216195E-03
+981.1160000E-06,-482.4120551348E-03,-481.1557737412E-03,-1.5703216195E-03
+981.1170000E-06,-482.4120551348E-03,-482.4120551348E-03,-1.5703216195E-03
+981.1180000E-06,-482.4120551348E-03,-482.4120551348E-03,-1.5703216195E-03
+981.1190000E-06,-482.4120551348E-03,-501.2562760385E-03,-1.5703216195E-03
+981.1200000E-06,-482.4120551348E-03,-502.5125574321E-03,-1.5703216195E-03
+981.1210000E-06,-482.4120551348E-03,-502.5125574321E-03,-1.5703216195E-03
+981.1220000E-06,-482.4120551348E-03,-502.5125574321E-03,-1.5703216195E-03
+981.1230000E-06,-482.4120551348E-03,-502.5125574321E-03,-1.5703216195E-03
+981.1240000E-06,-482.4120551348E-03,-502.5125574321E-03,-1.5703216195E-03
+981.1250000E-06,-482.4120551348E-03,-502.5125574321E-03,-1.5703216195E-03
+981.1260000E-06,-482.4120551348E-03,-502.5125574321E-03,-1.5703216195E-03
+981.1270000E-06,-482.4120551348E-03,-521.3567783358E-03,-1.5703216195E-03
+981.1280000E-06,-462.3115528375E-03,-522.6130597293E-03,-1.5703216195E-03
+981.1290000E-06,-481.1557737412E-03,-522.6130597293E-03,-1.5703216195E-03
+981.1300000E-06,-482.4120551348E-03,-541.4572806330E-03,-1.5703216195E-03
+981.1310000E-06,-482.4120551348E-03,-542.7135620266E-03,-1.5703216195E-03
+981.1320000E-06,-482.4120551348E-03,-522.6130597293E-03,-1.5703216195E-03
+981.1330000E-06,-482.4120551348E-03,-502.5125574321E-03,-1.5703216195E-03
+981.1340000E-06,-482.4120551348E-03,-502.5125574321E-03,-39.2587634269E-03
+981.1350000E-06,-482.4120551348E-03,-482.4120551348E-03,-41.7713262141E-03
+981.1360000E-06,-482.4120551348E-03,-462.3115528375E-03,-41.7713262141E-03
+981.1370000E-06,-501.2562760385E-03,-462.3115528375E-03,-41.7713262141E-03
+981.1380000E-06,-502.5125574321E-03,-481.1557737412E-03,-41.7713262141E-03
+981.1390000E-06,-482.4120551348E-03,-482.4120551348E-03,-41.7713262141E-03
+981.1400000E-06,-482.4120551348E-03,-501.2562760385E-03,-1.5703216195E-03
+981.1410000E-06,-482.4120551348E-03,-502.5125574321E-03,-1.5703216195E-03
+981.1420000E-06,-482.4120551348E-03,-521.3567783358E-03,-1.5703216195E-03
+981.1430000E-06,-482.4120551348E-03,-502.5125574321E-03,-1.5703216195E-03
+981.1440000E-06,-482.4120551348E-03,-521.3567783358E-03,-39.2587634269E-03
+981.1450000E-06,-482.4120551348E-03,-502.5125574321E-03,-41.7713262141E-03
+981.1460000E-06,-482.4120551348E-03,-502.5125574321E-03,-41.7713262141E-03
+981.1470000E-06,-482.4120551348E-03,-482.4120551348E-03,-41.7713262141E-03
+981.1480000E-06,-482.4120551348E-03,-501.2562760385E-03,-41.7713262141E-03
+981.1490000E-06,-482.4120551348E-03,-502.5125574321E-03,-41.7713262141E-03
+981.1500000E-06,-482.4120551348E-03,-502.5125574321E-03,-1.5703216195E-03
+981.1510000E-06,-482.4120551348E-03,-502.5125574321E-03,-1.5703216195E-03
+981.1520000E-06,-482.4120551348E-03,-521.3567783358E-03,-1.5703216195E-03
+981.1530000E-06,-482.4120551348E-03,-522.6130597293E-03,-1.5703216195E-03
+981.1540000E-06,-482.4120551348E-03,-522.6130597293E-03,-1.5703216195E-03
+981.1550000E-06,-482.4120551348E-03,-522.6130597293E-03,-1.5703216195E-03
+981.1560000E-06,-482.4120551348E-03,-522.6130597293E-03,-1.5703216195E-03
+981.1570000E-06,-482.4120551348E-03,-502.5125574321E-03,-1.5703216195E-03
+981.1580000E-06,-482.4120551348E-03,-502.5125574321E-03,-1.5703216195E-03
+981.1590000E-06,-482.4120551348E-03,-502.5125574321E-03,-1.5703216195E-03
+981.1600000E-06,-482.4120551348E-03,-502.5125574321E-03,-1.5703216195E-03
+981.1610000E-06,-482.4120551348E-03,-502.5125574321E-03,-1.5703216195E-03
+981.1620000E-06,-482.4120551348E-03,-521.3567783358E-03,-1.5703216195E-03
+981.1630000E-06,-482.4120551348E-03,-522.6130597293E-03,-1.5703216195E-03
+981.1640000E-06,-482.4120551348E-03,-522.6130597293E-03,-1.5703216195E-03
+981.1650000E-06,-482.4120551348E-03,-522.6130597293E-03,-1.5703216195E-03
+981.1660000E-06,-482.4120551348E-03,-522.6130597293E-03,-1.5703216195E-03
+981.1670000E-06,-482.4120551348E-03,-522.6130597293E-03,-1.5703216195E-03
+981.1680000E-06,-462.3115528375E-03,-522.6130597293E-03,-1.5703216195E-03
+981.1690000E-06,-481.1557737412E-03,-502.5125574321E-03,-1.5703216195E-03
+981.1700000E-06,-482.4120551348E-03,-502.5125574321E-03,-1.5703216195E-03
+981.1710000E-06,-482.4120551348E-03,-502.5125574321E-03,-1.5703216195E-03
+981.1720000E-06,-482.4120551348E-03,-502.5125574321E-03,-1.5703216195E-03
+981.1730000E-06,-482.4120551348E-03,-502.5125574321E-03,-1.5703216195E-03
+981.1740000E-06,-482.4120551348E-03,-502.5125574321E-03,-1.5703216195E-03
+981.1750000E-06,-501.2562760385E-03,-502.5125574321E-03,-1.5703216195E-03
+981.1760000E-06,-502.5125574321E-03,-502.5125574321E-03,-1.5703216195E-03
+981.1770000E-06,-482.4120551348E-03,-502.5125574321E-03,-1.5703216195E-03
+981.1780000E-06,-482.4120551348E-03,-521.3567783358E-03,-1.5703216195E-03
+981.1790000E-06,-482.4120551348E-03,-522.6130597293E-03,-1.5703216195E-03
+981.1800000E-06,-482.4120551348E-03,-522.6130597293E-03,-1.5703216195E-03
+981.1810000E-06,-482.4120551348E-03,-502.5125574321E-03,-39.2587634269E-03
+981.1820000E-06,-462.3115528375E-03,-502.5125574321E-03,-1.5703216195E-03
+981.1830000E-06,-481.1557737412E-03,-482.4120551348E-03,-1.5703216195E-03
+981.1840000E-06,-482.4120551348E-03,-501.2562760385E-03,-1.5703216195E-03
+981.1850000E-06,-482.4120551348E-03,-502.5125574321E-03,-1.5703216195E-03
+981.1860000E-06,-462.3115528375E-03,-521.3567783358E-03,-1.5703216195E-03
+981.1870000E-06,-402.0100459456E-03,-522.6130597293E-03,-1.5703216195E-03
+981.1880000E-06,-321.6080367565E-03,-522.6130597293E-03,-1.5703216195E-03
+981.1890000E-06,-201.0050229728E-03,-522.6130597293E-03,-39.2587634269E-03
+981.1900000E-06,-80.4020091891E-03,-522.6130597293E-03,-41.7713262141E-03
+981.1910000E-06,+59.0452254983E-03,-502.5125574321E-03,-41.7713262141E-03
+981.1920000E-06,+159.5477369847E-03,-521.3567783358E-03,-41.7713262141E-03
+981.1930000E-06,+239.9497461738E-03,-522.6130597293E-03,-41.7713262141E-03
+981.1940000E-06,+300.2512530657E-03,-522.6130597293E-03,-1.5703216195E-03
+981.1950000E-06,+340.4522576602E-03,-522.6130597293E-03,-1.5703216195E-03
+981.1960000E-06,+380.6532622548E-03,-522.6130597293E-03,-1.5703216195E-03
+981.1970000E-06,+400.7537645521E-03,-522.6130597293E-03,-39.2587634269E-03
+981.1980000E-06,+420.8542668493E-03,-502.5125574321E-03,-41.7713262141E-03
+981.1990000E-06,+440.9547691466E-03,-502.5125574321E-03,-41.7713262141E-03
+981.2000000E-06,+442.2110505402E-03,-502.5125574321E-03,-1.5703216195E-03
+981.2010000E-06,+422.1105482429E-03,-502.5125574321E-03,-1.5703216195E-03
+981.2020000E-06,+422.1105482429E-03,-502.5125574321E-03,-1.5703216195E-03
+981.2030000E-06,+422.1105482429E-03,-502.5125574321E-03,-1.5703216195E-03
+981.2040000E-06,+440.9547691466E-03,-502.5125574321E-03,-1.5703216195E-03
+981.2050000E-06,+442.2110505402E-03,-462.3115528375E-03,-39.2587634269E-03
+981.2060000E-06,+461.0552714439E-03,-402.0100459456E-03,-41.7713262141E-03
+981.2070000E-06,+481.1557737412E-03,-301.5075344592E-03,-41.7713262141E-03
+981.2080000E-06,+501.2562760385E-03,-180.9045206755E-03,-41.7713262141E-03
+981.2090000E-06,+502.5125574321E-03,-40.2010045946E-03,-41.7713262141E-03
+981.2100000E-06,+502.5125574321E-03,+79.1457277955E-03,-41.7713262141E-03
+981.2110000E-06,+502.5125574321E-03,+199.7487415792E-03,-41.7713262141E-03
+981.2120000E-06,+482.4120551348E-03,+280.1507507684E-03,-1.5703216195E-03
+981.2130000E-06,+462.3115528375E-03,+340.4522576602E-03,-1.5703216195E-03
+981.2140000E-06,+462.3115528375E-03,+380.6532622548E-03,-1.5703216195E-03
+981.2150000E-06,+462.3115528375E-03,+400.7537645521E-03,-1.5703216195E-03
+981.2160000E-06,+442.2110505402E-03,+420.8542668493E-03,-1.5703216195E-03
+981.2170000E-06,+442.2110505402E-03,+422.1105482429E-03,-1.5703216195E-03
+981.2180000E-06,+461.0552714439E-03,+422.1105482429E-03,-1.5703216195E-03
+981.2190000E-06,+462.3115528375E-03,+440.9547691466E-03,-1.5703216195E-03
+981.2200000E-06,+462.3115528375E-03,+442.2110505402E-03,-1.5703216195E-03
+981.2210000E-06,+462.3115528375E-03,+442.2110505402E-03,-1.5703216195E-03
+981.2220000E-06,+481.1557737412E-03,+442.2110505402E-03,-1.5703216195E-03
+981.2230000E-06,+462.3115528375E-03,+442.2110505402E-03,-1.5703216195E-03
+981.2240000E-06,+462.3115528375E-03,+442.2110505402E-03,-1.5703216195E-03
+981.2250000E-06,+462.3115528375E-03,+461.0552714439E-03,-1.5703216195E-03
+981.2260000E-06,+462.3115528375E-03,+442.2110505402E-03,-1.5703216195E-03
+981.2270000E-06,+462.3115528375E-03,+461.0552714439E-03,-1.5703216195E-03
+981.2280000E-06,+462.3115528375E-03,+462.3115528375E-03,-1.5703216195E-03
+981.2290000E-06,+462.3115528375E-03,+462.3115528375E-03,-1.5703216195E-03
+981.2300000E-06,+481.1557737412E-03,+462.3115528375E-03,-1.5703216195E-03
+981.2310000E-06,+462.3115528375E-03,+462.3115528375E-03,-1.5703216195E-03
+981.2320000E-06,+462.3115528375E-03,+462.3115528375E-03,-1.5703216195E-03
+981.2330000E-06,+462.3115528375E-03,+442.2110505402E-03,-1.5703216195E-03
+981.2340000E-06,+462.3115528375E-03,+442.2110505402E-03,-1.5703216195E-03
+981.2350000E-06,+481.1557737412E-03,+422.1105482429E-03,-1.5703216195E-03
+981.2360000E-06,+482.4120551348E-03,+422.1105482429E-03,-1.5703216195E-03
+981.2370000E-06,+482.4120551348E-03,+402.0100459456E-03,-1.5703216195E-03
+981.2380000E-06,+482.4120551348E-03,+420.8542668493E-03,-1.5703216195E-03
+981.2390000E-06,+482.4120551348E-03,+422.1105482429E-03,-1.5703216195E-03
+981.2400000E-06,+482.4120551348E-03,+440.9547691466E-03,-1.5703216195E-03
+981.2410000E-06,+482.4120551348E-03,+461.0552714439E-03,-1.5703216195E-03
+981.2420000E-06,+482.4120551348E-03,+462.3115528375E-03,-1.5703216195E-03
+981.2430000E-06,+462.3115528375E-03,+462.3115528375E-03,-1.5703216195E-03
+981.2440000E-06,+462.3115528375E-03,+462.3115528375E-03,-1.5703216195E-03
+981.2450000E-06,+462.3115528375E-03,+462.3115528375E-03,-1.5703216195E-03
+981.2460000E-06,+462.3115528375E-03,+442.2110505402E-03,-1.5703216195E-03
+981.2470000E-06,+462.3115528375E-03,+442.2110505402E-03,-1.5703216195E-03
+981.2480000E-06,+462.3115528375E-03,+442.2110505402E-03,-1.5703216195E-03
+981.2490000E-06,+462.3115528375E-03,+442.2110505402E-03,-1.5703216195E-03
+981.2500000E-06,+462.3115528375E-03,+442.2110505402E-03,-1.5703216195E-03
+981.2510000E-06,+462.3115528375E-03,+442.2110505402E-03,-1.5703216195E-03
+981.2520000E-06,+462.3115528375E-03,+442.2110505402E-03,-1.5703216195E-03
+981.2530000E-06,+462.3115528375E-03,+461.0552714439E-03,-1.5703216195E-03
+981.2540000E-06,+462.3115528375E-03,+462.3115528375E-03,-1.5703216195E-03
+981.2550000E-06,+462.3115528375E-03,+462.3115528375E-03,-1.5703216195E-03
+981.2560000E-06,+462.3115528375E-03,+462.3115528375E-03,-1.5703216195E-03
+981.2570000E-06,+462.3115528375E-03,+462.3115528375E-03,-1.5703216195E-03
+981.2580000E-06,+462.3115528375E-03,+462.3115528375E-03,-1.5703216195E-03
+981.2590000E-06,+481.1557737412E-03,+442.2110505402E-03,-1.5703216195E-03
+981.2600000E-06,+482.4120551348E-03,+442.2110505402E-03,-1.5703216195E-03
+981.2610000E-06,+482.4120551348E-03,+442.2110505402E-03,-1.5703216195E-03
+981.2620000E-06,+482.4120551348E-03,+442.2110505402E-03,-1.5703216195E-03
+981.2630000E-06,+482.4120551348E-03,+442.2110505402E-03,-1.5703216195E-03
+981.2640000E-06,+482.4120551348E-03,+461.0552714439E-03,-1.5703216195E-03
+981.2650000E-06,+482.4120551348E-03,+462.3115528375E-03,-39.2587634269E-03
+981.2660000E-06,+482.4120551348E-03,+462.3115528375E-03,-41.7713262141E-03
+981.2670000E-06,+482.4120551348E-03,+462.3115528375E-03,-1.5703216195E-03
+981.2680000E-06,+482.4120551348E-03,+442.2110505402E-03,-1.5703216195E-03
+981.2690000E-06,+482.4120551348E-03,+442.2110505402E-03,-1.5703216195E-03
+981.2700000E-06,+482.4120551348E-03,+442.2110505402E-03,-1.5703216195E-03
+981.2710000E-06,+482.4120551348E-03,+442.2110505402E-03,-1.5703216195E-03
+981.2720000E-06,+482.4120551348E-03,+442.2110505402E-03,-1.5703216195E-03
+981.2730000E-06,+462.3115528375E-03,+442.2110505402E-03,-1.5703216195E-03
+981.2740000E-06,+462.3115528375E-03,+442.2110505402E-03,-1.5703216195E-03
+981.2750000E-06,+462.3115528375E-03,+442.2110505402E-03,-1.5703216195E-03
+981.2760000E-06,+462.3115528375E-03,+442.2110505402E-03,-1.5703216195E-03
+981.2770000E-06,+481.1557737412E-03,+461.0552714439E-03,-1.5703216195E-03
+981.2780000E-06,+482.4120551348E-03,+462.3115528375E-03,-1.5703216195E-03
+981.2790000E-06,+482.4120551348E-03,+462.3115528375E-03,-1.5703216195E-03
+981.2800000E-06,+482.4120551348E-03,+462.3115528375E-03,-1.5703216195E-03
+981.2810000E-06,+482.4120551348E-03,+462.3115528375E-03,-1.5703216195E-03
+981.2820000E-06,+482.4120551348E-03,+442.2110505402E-03,-1.5703216195E-03
+981.2830000E-06,+462.3115528375E-03,+442.2110505402E-03,-1.5703216195E-03
+981.2840000E-06,+462.3115528375E-03,+442.2110505402E-03,-1.5703216195E-03
+981.2850000E-06,+462.3115528375E-03,+461.0552714439E-03,-1.5703216195E-03
+981.2860000E-06,+422.1105482429E-03,+462.3115528375E-03,-1.5703216195E-03
+981.2870000E-06,+361.8090413511E-03,+462.3115528375E-03,-1.5703216195E-03
+981.2880000E-06,+261.3065298647E-03,+462.3115528375E-03,-1.5703216195E-03
+981.2890000E-06,+120.6030137837E-03,+462.3115528375E-03,-1.5703216195E-03
+981.2900000E-06,+0.0E+00,+462.3115528375E-03,-1.5703216195E-03
+981.2910000E-06,-139.4472346874E-03,+462.3115528375E-03,-1.5703216195E-03
+981.2920000E-06,-239.9497461738E-03,+462.3115528375E-03,-1.5703216195E-03
+981.2930000E-06,-320.3517553629E-03,+462.3115528375E-03,-1.5703216195E-03
+981.2940000E-06,-360.5527599575E-03,+462.3115528375E-03,-1.5703216195E-03
+981.2950000E-06,-400.7537645521E-03,+462.3115528375E-03,-1.5703216195E-03
+981.2960000E-06,-420.8542668493E-03,+462.3115528375E-03,-1.5703216195E-03
+981.2970000E-06,-440.9547691466E-03,+462.3115528375E-03,-1.5703216195E-03
+981.2980000E-06,-442.2110505402E-03,+442.2110505402E-03,-1.5703216195E-03
+981.2990000E-06,-442.2110505402E-03,+442.2110505402E-03,-1.5703216195E-03
+981.3000000E-06,-442.2110505402E-03,+442.2110505402E-03,-1.5703216195E-03
+981.3010000E-06,-442.2110505402E-03,+442.2110505402E-03,-1.5703216195E-03
+981.3020000E-06,-422.1105482429E-03,+442.2110505402E-03,-1.5703216195E-03
+981.3030000E-06,-422.1105482429E-03,+461.0552714439E-03,-1.5703216195E-03
+981.3040000E-06,-440.9547691466E-03,+442.2110505402E-03,-1.5703216195E-03
+981.3050000E-06,-481.1557737412E-03,+402.0100459456E-03,-1.5703216195E-03
+981.3060000E-06,-501.2562760385E-03,+321.6080367565E-03,-1.5703216195E-03
+981.3070000E-06,-502.5125574321E-03,+221.1055252701E-03,-1.5703216195E-03
+981.3080000E-06,-521.3567783358E-03,+80.4020091891E-03,-1.5703216195E-03
+981.3090000E-06,-522.6130597293E-03,-59.0452254983E-03,-1.5703216195E-03
+981.3100000E-06,-502.5125574321E-03,-179.6482392820E-03,-1.5703216195E-03
+981.3110000E-06,-482.4120551348E-03,-280.1507507684E-03,-1.5703216195E-03
+981.3120000E-06,-462.3115528375E-03,-360.5527599575E-03,-1.5703216195E-03
+981.3130000E-06,-462.3115528375E-03,-420.8542668493E-03,-1.5703216195E-03
+981.3140000E-06,-462.3115528375E-03,-440.9547691466E-03,-1.5703216195E-03
+981.3150000E-06,-462.3115528375E-03,-461.0552714439E-03,-1.5703216195E-03
+981.3160000E-06,-481.1557737412E-03,-481.1557737412E-03,-1.5703216195E-03
+981.3170000E-06,-482.4120551348E-03,-501.2562760385E-03,-1.5703216195E-03
+981.3180000E-06,-482.4120551348E-03,-502.5125574321E-03,-1.5703216195E-03
+981.3190000E-06,-482.4120551348E-03,-502.5125574321E-03,-1.5703216195E-03
+981.3200000E-06,-482.4120551348E-03,-502.5125574321E-03,-1.5703216195E-03
+981.3210000E-06,-482.4120551348E-03,-482.4120551348E-03,-1.5703216195E-03
+981.3220000E-06,-482.4120551348E-03,-482.4120551348E-03,-1.5703216195E-03
+981.3230000E-06,-482.4120551348E-03,-482.4120551348E-03,-1.5703216195E-03
+981.3240000E-06,-482.4120551348E-03,-482.4120551348E-03,-1.5703216195E-03
+981.3250000E-06,-482.4120551348E-03,-501.2562760385E-03,-1.5703216195E-03
+981.3260000E-06,-482.4120551348E-03,-502.5125574321E-03,-1.5703216195E-03
+981.3270000E-06,-482.4120551348E-03,-521.3567783358E-03,-1.5703216195E-03
+981.3280000E-06,-482.4120551348E-03,-522.6130597293E-03,-1.5703216195E-03
+981.3290000E-06,-482.4120551348E-03,-541.4572806330E-03,-1.5703216195E-03
+981.3300000E-06,-482.4120551348E-03,-542.7135620266E-03,-1.5703216195E-03
+981.3310000E-06,-482.4120551348E-03,-522.6130597293E-03,-1.5703216195E-03
+981.3320000E-06,-482.4120551348E-03,-522.6130597293E-03,-1.5703216195E-03
+981.3330000E-06,-482.4120551348E-03,-502.5125574321E-03,-1.5703216195E-03
+981.3340000E-06,-482.4120551348E-03,-482.4120551348E-03,-1.5703216195E-03
+981.3350000E-06,-482.4120551348E-03,-462.3115528375E-03,-39.2587634269E-03
+981.3360000E-06,-482.4120551348E-03,-462.3115528375E-03,-41.7713262141E-03
+981.3370000E-06,-482.4120551348E-03,-462.3115528375E-03,-41.7713262141E-03
+981.3380000E-06,-482.4120551348E-03,-481.1557737412E-03,-41.7713262141E-03
+981.3390000E-06,-482.4120551348E-03,-482.4120551348E-03,-41.7713262141E-03
+981.3400000E-06,-482.4120551348E-03,-501.2562760385E-03,-41.7713262141E-03
+981.3410000E-06,-482.4120551348E-03,-502.5125574321E-03,-1.5703216195E-03
+981.3420000E-06,-482.4120551348E-03,-521.3567783358E-03,-1.5703216195E-03
+981.3430000E-06,-482.4120551348E-03,-502.5125574321E-03,-1.5703216195E-03
+981.3440000E-06,-482.4120551348E-03,-502.5125574321E-03,-1.5703216195E-03
+981.3450000E-06,-482.4120551348E-03,-502.5125574321E-03,-1.5703216195E-03
+981.3460000E-06,-482.4120551348E-03,-502.5125574321E-03,-1.5703216195E-03
+981.3470000E-06,-482.4120551348E-03,-482.4120551348E-03,-1.5703216195E-03
+981.3480000E-06,-482.4120551348E-03,-482.4120551348E-03,-1.5703216195E-03
+981.3490000E-06,-482.4120551348E-03,-482.4120551348E-03,-1.5703216195E-03
+981.3500000E-06,-482.4120551348E-03,-501.2562760385E-03,-1.5703216195E-03
+981.3510000E-06,-482.4120551348E-03,-502.5125574321E-03,-1.5703216195E-03
+981.3520000E-06,-482.4120551348E-03,-502.5125574321E-03,-1.5703216195E-03
+981.3530000E-06,-482.4120551348E-03,-502.5125574321E-03,-1.5703216195E-03
+981.3540000E-06,-482.4120551348E-03,-502.5125574321E-03,-1.5703216195E-03
+981.3550000E-06,-482.4120551348E-03,-502.5125574321E-03,-1.5703216195E-03
+981.3560000E-06,-482.4120551348E-03,-502.5125574321E-03,-1.5703216195E-03
+981.3570000E-06,-482.4120551348E-03,-502.5125574321E-03,-1.5703216195E-03
+981.3580000E-06,-482.4120551348E-03,-502.5125574321E-03,-1.5703216195E-03
+981.3590000E-06,-482.4120551348E-03,-502.5125574321E-03,-1.5703216195E-03
+981.3600000E-06,-482.4120551348E-03,-502.5125574321E-03,-1.5703216195E-03
+981.3610000E-06,-482.4120551348E-03,-502.5125574321E-03,-1.5703216195E-03
+981.3620000E-06,-482.4120551348E-03,-502.5125574321E-03,-1.5703216195E-03
+981.3630000E-06,-482.4120551348E-03,-502.5125574321E-03,-1.5703216195E-03
+981.3640000E-06,-482.4120551348E-03,-521.3567783358E-03,-1.5703216195E-03
+981.3650000E-06,-482.4120551348E-03,-522.6130597293E-03,-1.5703216195E-03
+981.3660000E-06,-482.4120551348E-03,-522.6130597293E-03,-1.5703216195E-03
+981.3670000E-06,-482.4120551348E-03,-522.6130597293E-03,-1.5703216195E-03
+981.3680000E-06,-482.4120551348E-03,-522.6130597293E-03,-1.5703216195E-03
+981.3690000E-06,-482.4120551348E-03,-522.6130597293E-03,-1.5703216195E-03
+981.3700000E-06,-482.4120551348E-03,-502.5125574321E-03,-1.5703216195E-03
+981.3710000E-06,-482.4120551348E-03,-502.5125574321E-03,-1.5703216195E-03
+981.3720000E-06,-482.4120551348E-03,-502.5125574321E-03,-1.5703216195E-03
+981.3730000E-06,-482.4120551348E-03,-502.5125574321E-03,-1.5703216195E-03
+981.3740000E-06,-482.4120551348E-03,-502.5125574321E-03,-1.5703216195E-03
+981.3750000E-06,-482.4120551348E-03,-502.5125574321E-03,-1.5703216195E-03
+981.3760000E-06,-482.4120551348E-03,-502.5125574321E-03,-1.5703216195E-03
+981.3770000E-06,-482.4120551348E-03,-521.3567783358E-03,-1.5703216195E-03
+981.3780000E-06,-482.4120551348E-03,-522.6130597293E-03,-1.5703216195E-03
+981.3790000E-06,-501.2562760385E-03,-522.6130597293E-03,-1.5703216195E-03
+981.3800000E-06,-502.5125574321E-03,-522.6130597293E-03,-1.5703216195E-03
+981.3810000E-06,-502.5125574321E-03,-502.5125574321E-03,-1.5703216195E-03
+981.3820000E-06,-482.4120551348E-03,-502.5125574321E-03,-1.5703216195E-03
+981.3830000E-06,-482.4120551348E-03,-502.5125574321E-03,-1.5703216195E-03
+981.3840000E-06,-482.4120551348E-03,-502.5125574321E-03,-1.5703216195E-03
+981.3850000E-06,-482.4120551348E-03,-502.5125574321E-03,-1.5703216195E-03
+981.3860000E-06,-462.3115528375E-03,-502.5125574321E-03,-1.5703216195E-03
+981.3870000E-06,-402.0100459456E-03,-502.5125574321E-03,-1.5703216195E-03
+981.3880000E-06,-321.6080367565E-03,-521.3567783358E-03,-1.5703216195E-03
+981.3890000E-06,-221.1055252701E-03,-522.6130597293E-03,-1.5703216195E-03
+981.3900000E-06,-80.4020091891E-03,-522.6130597293E-03,-1.5703216195E-03
+981.3910000E-06,+38.9447232010E-03,-522.6130597293E-03,-39.2587634269E-03
+981.3920000E-06,+159.5477369847E-03,-522.6130597293E-03,-41.7713262141E-03
+981.3930000E-06,+239.9497461738E-03,-522.6130597293E-03,-41.7713262141E-03
+981.3940000E-06,+320.3517553629E-03,-522.6130597293E-03,-41.7713262141E-03
+981.3950000E-06,+360.5527599575E-03,-522.6130597293E-03,-1.5703216195E-03
+981.3960000E-06,+400.7537645521E-03,-522.6130597293E-03,-1.5703216195E-03
+981.3970000E-06,+420.8542668493E-03,-502.5125574321E-03,-1.5703216195E-03
+981.3980000E-06,+440.9547691466E-03,-502.5125574321E-03,-1.5703216195E-03
+981.3990000E-06,+442.2110505402E-03,-502.5125574321E-03,-1.5703216195E-03
+981.4000000E-06,+422.1105482429E-03,-502.5125574321E-03,-39.2587634269E-03
+981.4010000E-06,+422.1105482429E-03,-502.5125574321E-03,-41.7713262141E-03
+981.4020000E-06,+402.0100459456E-03,-502.5125574321E-03,-41.7713262141E-03
+981.4030000E-06,+420.8542668493E-03,-502.5125574321E-03,-41.7713262141E-03
+981.4040000E-06,+422.1105482429E-03,-502.5125574321E-03,-1.5703216195E-03
+981.4050000E-06,+440.9547691466E-03,-462.3115528375E-03,-1.5703216195E-03
+981.4060000E-06,+481.1557737412E-03,-381.9095436484E-03,-1.5703216195E-03
+981.4070000E-06,+501.2562760385E-03,-281.4070321620E-03,-39.2587634269E-03
+981.4080000E-06,+502.5125574321E-03,-160.8040183783E-03,-41.7713262141E-03
+981.4090000E-06,+502.5125574321E-03,-20.1005022973E-03,-41.7713262141E-03
+981.4100000E-06,+482.4120551348E-03,+99.2462300928E-03,-41.7713262141E-03
+981.4110000E-06,+482.4120551348E-03,+199.7487415792E-03,-41.7713262141E-03
+981.4120000E-06,+462.3115528375E-03,+280.1507507684E-03,-41.7713262141E-03
+981.4130000E-06,+442.2110505402E-03,+340.4522576602E-03,-41.7713262141E-03
+981.4140000E-06,+442.2110505402E-03,+380.6532622548E-03,-41.7713262141E-03
+981.4150000E-06,+442.2110505402E-03,+400.7537645521E-03,-41.7713262141E-03
+981.4160000E-06,+442.2110505402E-03,+420.8542668493E-03,-1.5703216195E-03
+981.4170000E-06,+461.0552714439E-03,+440.9547691466E-03,-39.2587634269E-03
+981.4180000E-06,+462.3115528375E-03,+442.2110505402E-03,-1.5703216195E-03
+981.4190000E-06,+462.3115528375E-03,+442.2110505402E-03,-1.5703216195E-03
+981.4200000E-06,+462.3115528375E-03,+442.2110505402E-03,-1.5703216195E-03
+981.4210000E-06,+462.3115528375E-03,+442.2110505402E-03,-1.5703216195E-03
+981.4220000E-06,+462.3115528375E-03,+442.2110505402E-03,-1.5703216195E-03
+981.4230000E-06,+481.1557737412E-03,+442.2110505402E-03,-1.5703216195E-03
+981.4240000E-06,+482.4120551348E-03,+442.2110505402E-03,-1.5703216195E-03
+981.4250000E-06,+482.4120551348E-03,+442.2110505402E-03,-1.5703216195E-03
+981.4260000E-06,+482.4120551348E-03,+442.2110505402E-03,-1.5703216195E-03
+981.4270000E-06,+462.3115528375E-03,+461.0552714439E-03,-1.5703216195E-03
+981.4280000E-06,+462.3115528375E-03,+462.3115528375E-03,-1.5703216195E-03
+981.4290000E-06,+462.3115528375E-03,+481.1557737412E-03,-1.5703216195E-03
+981.4300000E-06,+462.3115528375E-03,+482.4120551348E-03,-1.5703216195E-03
+981.4310000E-06,+462.3115528375E-03,+482.4120551348E-03,-39.2587634269E-03
+981.4320000E-06,+462.3115528375E-03,+462.3115528375E-03,-1.5703216195E-03
+981.4330000E-06,+462.3115528375E-03,+462.3115528375E-03,-1.5703216195E-03
+981.4340000E-06,+462.3115528375E-03,+442.2110505402E-03,-1.5703216195E-03
+981.4350000E-06,+462.3115528375E-03,+442.2110505402E-03,-1.5703216195E-03
+981.4360000E-06,+462.3115528375E-03,+422.1105482429E-03,-1.5703216195E-03
+981.4370000E-06,+462.3115528375E-03,+422.1105482429E-03,-1.5703216195E-03
+981.4380000E-06,+481.1557737412E-03,+422.1105482429E-03,-1.5703216195E-03
+981.4390000E-06,+482.4120551348E-03,+440.9547691466E-03,-1.5703216195E-03
+981.4400000E-06,+482.4120551348E-03,+442.2110505402E-03,-1.5703216195E-03
+981.4410000E-06,+462.3115528375E-03,+461.0552714439E-03,-1.5703216195E-03
+981.4420000E-06,+462.3115528375E-03,+462.3115528375E-03,-1.5703216195E-03
+981.4430000E-06,+462.3115528375E-03,+462.3115528375E-03,-1.5703216195E-03
+981.4440000E-06,+462.3115528375E-03,+462.3115528375E-03,-1.5703216195E-03
+981.4450000E-06,+462.3115528375E-03,+462.3115528375E-03,-1.5703216195E-03
+981.4460000E-06,+481.1557737412E-03,+442.2110505402E-03,-1.5703216195E-03
+981.4470000E-06,+482.4120551348E-03,+442.2110505402E-03,-1.5703216195E-03
+981.4480000E-06,+462.3115528375E-03,+442.2110505402E-03,-1.5703216195E-03
+981.4490000E-06,+462.3115528375E-03,+442.2110505402E-03,-1.5703216195E-03
+981.4500000E-06,+462.3115528375E-03,+442.2110505402E-03,-1.5703216195E-03
+981.4510000E-06,+462.3115528375E-03,+461.0552714439E-03,-1.5703216195E-03
+981.4520000E-06,+462.3115528375E-03,+462.3115528375E-03,-1.5703216195E-03
+981.4530000E-06,+462.3115528375E-03,+462.3115528375E-03,-1.5703216195E-03
+981.4540000E-06,+481.1557737412E-03,+462.3115528375E-03,-1.5703216195E-03
+981.4550000E-06,+482.4120551348E-03,+462.3115528375E-03,-1.5703216195E-03
+981.4560000E-06,+482.4120551348E-03,+462.3115528375E-03,-1.5703216195E-03
+981.4570000E-06,+482.4120551348E-03,+462.3115528375E-03,-39.2587634269E-03
+981.4580000E-06,+482.4120551348E-03,+442.2110505402E-03,-41.7713262141E-03
+981.4590000E-06,+482.4120551348E-03,+442.2110505402E-03,-1.5703216195E-03
+981.4600000E-06,+462.3115528375E-03,+442.2110505402E-03,-1.5703216195E-03
+981.4610000E-06,+462.3115528375E-03,+461.0552714439E-03,-1.5703216195E-03
+981.4620000E-06,+481.1557737412E-03,+462.3115528375E-03,-1.5703216195E-03
+981.4630000E-06,+482.4120551348E-03,+462.3115528375E-03,-1.5703216195E-03
+981.4640000E-06,+482.4120551348E-03,+462.3115528375E-03,-1.5703216195E-03
+981.4650000E-06,+482.4120551348E-03,+462.3115528375E-03,-39.2587634269E-03
+981.4660000E-06,+482.4120551348E-03,+462.3115528375E-03,-41.7713262141E-03
+981.4670000E-06,+482.4120551348E-03,+462.3115528375E-03,-41.7713262141E-03
+981.4680000E-06,+482.4120551348E-03,+462.3115528375E-03,-41.7713262141E-03
+981.4690000E-06,+482.4120551348E-03,+462.3115528375E-03,-41.7713262141E-03
+981.4700000E-06,+482.4120551348E-03,+462.3115528375E-03,-41.7713262141E-03
+981.4710000E-06,+482.4120551348E-03,+462.3115528375E-03,-1.5703216195E-03
+981.4720000E-06,+482.4120551348E-03,+462.3115528375E-03,-1.5703216195E-03
+981.4730000E-06,+482.4120551348E-03,+462.3115528375E-03,-1.5703216195E-03
+981.4740000E-06,+462.3115528375E-03,+442.2110505402E-03,-1.5703216195E-03
+981.4750000E-06,+462.3115528375E-03,+442.2110505402E-03,-1.5703216195E-03
+981.4760000E-06,+462.3115528375E-03,+442.2110505402E-03,-1.5703216195E-03
+981.4770000E-06,+462.3115528375E-03,+442.2110505402E-03,-39.2587634269E-03
+981.4780000E-06,+462.3115528375E-03,+442.2110505402E-03,-1.5703216195E-03
+981.4790000E-06,+462.3115528375E-03,+461.0552714439E-03,-1.5703216195E-03
+981.4800000E-06,+462.3115528375E-03,+462.3115528375E-03,-39.2587634269E-03
+981.4810000E-06,+462.3115528375E-03,+462.3115528375E-03,-41.7713262141E-03
+981.4820000E-06,+481.1557737412E-03,+462.3115528375E-03,-1.5703216195E-03
+981.4830000E-06,+482.4120551348E-03,+462.3115528375E-03,-1.5703216195E-03
+981.4840000E-06,+482.4120551348E-03,+462.3115528375E-03,-1.5703216195E-03
+981.4850000E-06,+462.3115528375E-03,+462.3115528375E-03,-1.5703216195E-03
+981.4860000E-06,+442.2110505402E-03,+462.3115528375E-03,-1.5703216195E-03
+981.4870000E-06,+361.8090413511E-03,+462.3115528375E-03,-1.5703216195E-03
+981.4880000E-06,+241.2060275674E-03,+462.3115528375E-03,-1.5703216195E-03
+981.4890000E-06,+120.6030137837E-03,+462.3115528375E-03,-1.5703216195E-03
+981.4900000E-06,-18.8442209037E-03,+462.3115528375E-03,-1.5703216195E-03
+981.4910000E-06,-159.5477369847E-03,+462.3115528375E-03,-1.5703216195E-03
+981.4920000E-06,-239.9497461738E-03,+462.3115528375E-03,-1.5703216195E-03
+981.4930000E-06,-320.3517553629E-03,+462.3115528375E-03,-1.5703216195E-03
+981.4940000E-06,-360.5527599575E-03,+462.3115528375E-03,-1.5703216195E-03
+981.4950000E-06,-400.7537645521E-03,+462.3115528375E-03,-1.5703216195E-03
+981.4960000E-06,-420.8542668493E-03,+462.3115528375E-03,-1.5703216195E-03
+981.4970000E-06,-440.9547691466E-03,+462.3115528375E-03,-1.5703216195E-03
+981.4980000E-06,-442.2110505402E-03,+462.3115528375E-03,-1.5703216195E-03
+981.4990000E-06,-442.2110505402E-03,+462.3115528375E-03,-1.5703216195E-03
